{
    "@schema": "https://raw.githubusercontent.com/slicer/slicer/master/Modules/Loadable/Markups/Resources/Schema/markups-schema-v1.0.3.json#",
    "markups": [
        {
            "type": "Fiducial",
            "coordinateSystem": "LPS",
            "coordinateUnits": "mm",
            "locked": false,
            "fixedNumberOfControlPoints": true,
            "labelFormat": "%N-%d",
            "lastUsedControlPointNumber": 71,
            "controlPoints": [
                {
                    "id": "1",
                    "label": "n",
                    "description": "nasion",
                    "associatedNodeID": "",
                    "position": [-7.255463600158691, -76.43486785888672, 43.026092529296875],
                    "orientation": [-1.0, -0.0, -0.0, -0.0, -1.0, -0.0, 0.0, 0.0, 1.0],
                    "selected": true,
                    "locked": false,
                    "visibility": true,
                    "positionStatus": "defined"
                },
                {
                    "id": "2",
                    "label": "g",
                    "description": "glabella",
                    "associatedNodeID": "",
                    "position": [-7.997270584106445, -59.24280548095703, 56.62763977050781],
                    "orientation": [-1.0, -0.0, -0.0, -0.0, -1.0, -0.0, 0.0, 0.0, 1.0],
                    "selected": true,
                    "locked": false,
                    "visibility": true,
                    "positionStatus": "defined"
                },
                {
                    "id": "3",
                    "label": "L.ft",
                    "description": "Left frountotemporale",
                    "associatedNodeID": "",
                    "position": [42.97918701171875, -46.863624572753906, 42.84513092041016],
                    "orientation": [-1.0, -0.0, -0.0, -0.0, -1.0, -0.0, 0.0, 0.0, 1.0],
                    "selected": true,
                    "locked": false,
                    "visibility": true,
                    "positionStatus": "defined"
                },
                {
                    "id": "4",
                    "label": "L.ms",
                    "description": "Left mastoidale",
                    "associatedNodeID": "",
                    "position": [56.47256088256836, -63.505218505859375, -55.66318130493164],
                    "orientation": [-1.0, -0.0, -0.0, -0.0, -1.0, -0.0, 0.0, 0.0, 1.0],
                    "selected": true,
                    "locked": false,
                    "visibility": true,
                    "positionStatus": "defined"
                },
                {
                    "id": "5",
                    "label": "L.po",
                    "description": "Left porion",
                    "associatedNodeID": "",
                    "position": [50.766746520996094, -49.229637145996094, -36.19835662841797],
                    "orientation": [-1.0, -0.0, -0.0, -0.0, -1.0, -0.0, 0.0, 0.0, 1.0],
                    "selected": true,
                    "locked": false,
                    "visibility": true,
                    "positionStatus": "defined"
                },
                {
                    "id": "6",
                    "label": "i",
                    "description": "inion",
                    "associatedNodeID": "",
                    "position": [9.517044067382813, -29.81604385375977, -93.39693450927734],
                    "orientation": [-1.0, -0.0, -0.0, -0.0, -1.0, -0.0, 0.0, 0.0, 1.0],
                    "selected": true,
                    "locked": false,
                    "visibility": true,
                    "positionStatus": "defined"
                },
                {
                    "id": "7",
                    "label": "op",
                    "description": "opisthocranion",
                    "associatedNodeID": "",
                    "position": [10.657800674438477, -7.751563549041748, -96.08138275146484],
                    "orientation": [-1.0, -0.0, -0.0, -0.0, -1.0, -0.0, 0.0, 0.0, 1.0],
                    "selected": true,
                    "locked": false,
                    "visibility": true,
                    "positionStatus": "defined"
                },
                {
                    "id": "8",
                    "label": "l",
                    "description": "lamdba",
                    "associatedNodeID": "",
                    "position": [8.70022201538086, 49.669342041015625, -65.36073303222656],
                    "orientation": [-1.0, -0.0, -0.0, -0.0, -1.0, -0.0, 0.0, 0.0, 1.0],
                    "selected": true,
                    "locked": false,
                    "visibility": true,
                    "positionStatus": "defined"
                },
                {
                    "id": "9",
                    "label": "b",
                    "description": "bregma",
                    "associatedNodeID": "",
                    "position": [-0.5301360487937927, 31.03616714477539, 34.68391799926758],
                    "orientation": [-1.0, -0.0, -0.0, -0.0, -1.0, -0.0, 0.0, 0.0, 1.0],
                    "selected": true,
                    "locked": false,
                    "visibility": true,
                    "positionStatus": "defined"
                },
                {
                    "id": "10",
                    "label": "L.or",
                    "description": "Left orbitale",
                    "associatedNodeID": "",
                    "position": [32.706871032714844, -92.9557113647461, 23.286867141723633],
                    "orientation": [-1.0, -0.0, -0.0, -0.0, -1.0, -0.0, 0.0, 0.0, 1.0],
                    "selected": true,
                    "locked": false,
                    "visibility": true,
                    "positionStatus": "defined"
                },
                {
                    "id": "11",
                    "label": "ns",
                    "description": "nasospinale",
                    "associatedNodeID": "",
                    "position": [-8.757779121398926, -116.45970916748048, 17.302160263061523],
                    "orientation": [-1.0, -0.0, -0.0, -0.0, -1.0, -0.0, 0.0, 0.0, 1.0],
                    "selected": true,
                    "locked": false,
                    "visibility": true,
                    "positionStatus": "defined"
                },
                {
                    "id": "12",
                    "label": "R.or",
                    "description": "Right orbitale",
                    "associatedNodeID": "",
                    "position": [-45.43644332885742, -86.09282684326172, 13.918621063232422],
                    "orientation": [-1.0, -0.0, -0.0, -0.0, -1.0, -0.0, 0.0, 0.0, 1.0],
                    "selected": true,
                    "locked": false,
                    "visibility": true,
                    "positionStatus": "defined"
                },
                {
                    "id": "13",
                    "label": "R.ft",
                    "description": "Right frountotemporale",
                    "associatedNodeID": "",
                    "position": [-51.99068832397461, -43.93685531616211, 31.042381286621097],
                    "orientation": [-1.0, -0.0, -0.0, -0.0, -1.0, -0.0, 0.0, 0.0, 1.0],
                    "selected": true,
                    "locked": false,
                    "visibility": true,
                    "positionStatus": "defined"
                },
                {
                    "id": "14",
                    "label": "R.eu",
                    "description": "Right euryon",
                    "associatedNodeID": "",
                    "position": [-50.45792388916016, 39.78383255004883, -32.06481170654297],
                    "orientation": [-1.0, -0.0, -0.0, -0.0, -1.0, -0.0, 0.0, 0.0, 1.0],
                    "selected": true,
                    "locked": false,
                    "visibility": true,
                    "positionStatus": "defined"
                },
                {
                    "id": "15",
                    "label": "R.zy",
                    "description": "Right zygion",
                    "associatedNodeID": "",
                    "position": [-60.20188522338867, -70.85986328125, -18.10912322998047],
                    "orientation": [-1.0, -0.0, -0.0, -0.0, -1.0, -0.0, 0.0, 0.0, 1.0],
                    "selected": true,
                    "locked": false,
                    "visibility": true,
                    "positionStatus": "defined"
                },
                {
                    "id": "16",
                    "label": "L.zy",
                    "description": "Left zygion",
                    "associatedNodeID": "",
                    "position": [58.54827117919922, -74.31940460205078, -9.166424751281738],
                    "orientation": [-1.0, -0.0, -0.0, -0.0, -1.0, -0.0, 0.0, 0.0, 1.0],
                    "selected": true,
                    "locked": false,
                    "visibility": true,
                    "positionStatus": "defined"
                },
                {
                    "id": "17",
                    "label": "R.ms",
                    "description": "Right mastoidale",
                    "associatedNodeID": "",
                    "position": [-47.22317123413086, -58.0584716796875, -73.16230010986328],
                    "orientation": [-1.0, -0.0, -0.0, -0.0, -1.0, -0.0, 0.0, 0.0, 1.0],
                    "selected": true,
                    "locked": false,
                    "visibility": true,
                    "positionStatus": "defined"
                },
                {
                    "id": "18",
                    "label": "pr",
                    "description": "prosthion",
                    "associatedNodeID": "",
                    "position": [-8.755813598632813, -128.32757568359375, 12.41958236694336],
                    "orientation": [-1.0, -0.0, -0.0, -0.0, -1.0, -0.0, 0.0, 0.0, 1.0],
                    "selected": true,
                    "locked": false,
                    "visibility": true,
                    "positionStatus": "defined"
                },
                {
                    "id": "19",
                    "label": "R.ecm",
                    "description": "Right ectomolare",
                    "associatedNodeID": "",
                    "position": [-33.36887741088867, -107.52276611328124, -16.89072608947754],
                    "orientation": [-1.0, -0.0, -0.0, -0.0, -1.0, -0.0, 0.0, 0.0, 1.0],
                    "selected": true,
                    "locked": false,
                    "visibility": true,
                    "positionStatus": "defined"
                },
                {
                    "id": "20",
                    "label": "L.ecm",
                    "description": "Left ectomolare",
                    "associatedNodeID": "",
                    "position": [25.077312469482425, -113.98959350585938, -10.834624290466309],
                    "orientation": [-1.0, -0.0, -0.0, -0.0, -1.0, -0.0, 0.0, 0.0, 1.0],
                    "selected": true,
                    "locked": false,
                    "visibility": true,
                    "positionStatus": "defined"
                },
                {
                    "id": "21",
                    "label": "L.al",
                    "description": "Left alare",
                    "associatedNodeID": "",
                    "position": [3.790084838867187, -107.45153045654295, 23.490760803222656],
                    "orientation": [-1.0, -0.0, -0.0, -0.0, -1.0, -0.0, 0.0, 0.0, 1.0],
                    "selected": true,
                    "locked": false,
                    "visibility": true,
                    "positionStatus": "defined"
                },
                {
                    "id": "22",
                    "label": "R.al",
                    "description": "Right alare",
                    "associatedNodeID": "",
                    "position": [-20.570383071899418, -105.21685791015624, 20.23763084411621],
                    "orientation": [-1.0, -0.0, -0.0, -0.0, -1.0, -0.0, 0.0, 0.0, 1.0],
                    "selected": true,
                    "locked": false,
                    "visibility": true,
                    "positionStatus": "defined"
                },
                {
                    "id": "23",
                    "label": "L.eu",
                    "description": "Left euryon ",
                    "associatedNodeID": "",
                    "position": [59.788047790527344, 31.477638244628903, -22.46933937072754],
                    "orientation": [-1.0, -0.0, -0.0, -0.0, -1.0, -0.0, 0.0, 0.0, 1.0],
                    "selected": true,
                    "locked": false,
                    "visibility": true,
                    "positionStatus": "defined"
                },
                {
                    "id": "24",
                    "label": "R.pt",
                    "description": "Right pterion",
                    "associatedNodeID": "",
                    "position": [-51.784576416015625, -35.384037017822266, 10.276061058044434],
                    "orientation": [-1.0, -0.0, -0.0, -0.0, -1.0, -0.0, 0.0, 0.0, 1.0],
                    "selected": true,
                    "locked": false,
                    "visibility": true,
                    "positionStatus": "defined"
                },
                {
                    "id": "25",
                    "label": "R.sq",
                    "description": "Right squamous",
                    "associatedNodeID": "",
                    "position": [-61.335548400878906, -10.90485382080078, -22.529035568237305],
                    "orientation": [-1.0, -0.0, -0.0, -0.0, -1.0, -0.0, 0.0, 0.0, 1.0],
                    "selected": true,
                    "locked": false,
                    "visibility": true,
                    "positionStatus": "defined"
                },
                {
                    "id": "26",
                    "label": "R.ls",
                    "description": "Right lambdoid suture",
                    "associatedNodeID": "",
                    "position": [-28.092809677124023, 27.777252197265625, -78.37051391601563],
                    "orientation": [-1.0, -0.0, -0.0, -0.0, -1.0, -0.0, 0.0, 0.0, 1.0],
                    "selected": true,
                    "locked": false,
                    "visibility": true,
                    "positionStatus": "defined"
                },
                {
                    "id": "27",
                    "label": "R.cs",
                    "description": "Right coronal suture",
                    "associatedNodeID": "",
                    "position": [-42.538108825683594, 13.180649757385254, 28.468891143798828],
                    "orientation": [-1.0, -0.0, -0.0, -0.0, -1.0, -0.0, 0.0, 0.0, 1.0],
                    "selected": true,
                    "locked": false,
                    "visibility": true,
                    "positionStatus": "defined"
                },
                {
                    "id": "28",
                    "label": "L.pt",
                    "description": "Left pterion",
                    "associatedNodeID": "",
                    "position": [44.468143463134766, -51.58530044555664, 22.082199096679688],
                    "orientation": [-1.0, -0.0, -0.0, -0.0, -1.0, -0.0, 0.0, 0.0, 1.0],
                    "selected": true,
                    "locked": false,
                    "visibility": true,
                    "positionStatus": "defined"
                },
                {
                    "id": "29",
                    "label": "L.sq",
                    "description": "Left  squamous suture",
                    "associatedNodeID": "",
                    "position": [64.8240737915039, -18.372522354125977, -12.78430461883545],
                    "orientation": [-1.0, -0.0, -0.0, -0.0, -1.0, -0.0, 0.0, 0.0, 1.0],
                    "selected": true,
                    "locked": false,
                    "visibility": true,
                    "positionStatus": "defined"
                },
                {
                    "id": "30",
                    "label": "L.ls",
                    "description": "Left lambdoid suture",
                    "associatedNodeID": "",
                    "position": [48.18035507202149, 19.446468353271484, -68.39495086669922],
                    "orientation": [-1.0, -0.0, -0.0, -0.0, -1.0, -0.0, 0.0, 0.0, 1.0],
                    "selected": true,
                    "locked": false,
                    "visibility": true,
                    "positionStatus": "defined"
                },
                {
                    "id": "31",
                    "label": "L.cs",
                    "description": "Left coronal suture",
                    "associatedNodeID": "",
                    "position": [34.483856201171875, 13.032660484313965, 35.29384994506836],
                    "orientation": [-1.0, -0.0, -0.0, -0.0, -1.0, -0.0, 0.0, 0.0, 1.0],
                    "selected": true,
                    "locked": false,
                    "visibility": true,
                    "positionStatus": "defined"
                },
                {
                    "id": "32",
                    "label": "ol",
                    "description": "olrale",
                    "associatedNodeID": "",
                    "position": [-8.166818618774414, -131.32473754882813, 7.471812725067139],
                    "orientation": [-1.0, -0.0, -0.0, -0.0, -1.0, -0.0, 0.0, 0.0, 1.0],
                    "selected": true,
                    "locked": false,
                    "visibility": true,
                    "positionStatus": "defined"
                },
                {
                    "id": "33",
                    "label": "L.enm",
                    "description": "Left endomolare",
                    "associatedNodeID": "",
                    "position": [16.069339752197266, -109.76335906982422, -14.852267265319824],
                    "orientation": [-1.0, -0.0, -0.0, -0.0, -1.0, -0.0, 0.0, 0.0, 1.0],
                    "selected": true,
                    "locked": false,
                    "visibility": true,
                    "positionStatus": "defined"
                },
                {
                    "id": "34",
                    "label": "R.enm",
                    "description": "Right endomolare",
                    "associatedNodeID": "",
                    "position": [-24.655597686767575, -106.4626235961914, -17.50735855102539],
                    "orientation": [-1.0, -0.0, -0.0, -0.0, -1.0, -0.0, 0.0, 0.0, 1.0],
                    "selected": true,
                    "locked": false,
                    "visibility": true,
                    "positionStatus": "defined"
                },
                {
                    "id": "35",
                    "label": "sta",
                    "description": "staphylion",
                    "associatedNodeID": "",
                    "position": [-4.836441993713379, -94.7515640258789, -18.32602882385254],
                    "orientation": [-1.0, -0.0, -0.0, -0.0, -1.0, -0.0, 0.0, 0.0, 1.0],
                    "selected": true,
                    "locked": false,
                    "visibility": true,
                    "positionStatus": "defined"
                },
                {
                    "id": "36",
                    "label": "alv",
                    "description": "alveolon",
                    "associatedNodeID": "",
                    "position": [-1.834396243095398, -72.96044158935547, -15.552878379821776],
                    "orientation": [-1.0, -0.0, -0.0, -0.0, -1.0, -0.0, 0.0, 0.0, 1.0],
                    "selected": true,
                    "locked": false,
                    "visibility": true,
                    "positionStatus": "defined"
                },
                {
                    "id": "37",
                    "label": "ba",
                    "description": "basion",
                    "associatedNodeID": "",
                    "position": [2.7273950576782227, -65.81877136230469, -52.95058822631836],
                    "orientation": [-1.0, -0.0, -0.0, -0.0, -1.0, -0.0, 0.0, 0.0, 1.0],
                    "selected": true,
                    "locked": false,
                    "visibility": true,
                    "positionStatus": "defined"
                },
                {
                    "id": "38",
                    "label": "o",
                    "description": "opisthion",
                    "associatedNodeID": "",
                    "position": [7.959729671478272, -46.17087936401367, -85.40691375732422],
                    "orientation": [-1.0, -0.0, -0.0, -0.0, -1.0, -0.0, 0.0, 0.0, 1.0],
                    "selected": true,
                    "locked": false,
                    "visibility": true,
                    "positionStatus": "defined"
                },
                {
                    "id": "39",
                    "label": "R.if",
                    "description": "Right infraorbital foramen",
                    "associatedNodeID": "",
                    "position": [-33.44989776611328, -92.1376495361328, 12.474556922912598],
                    "orientation": [-1.0, -0.0, -0.0, -0.0, -1.0, -0.0, 0.0, 0.0, 1.0],
                    "selected": true,
                    "locked": false,
                    "visibility": true,
                    "positionStatus": "defined"
                },
                {
                    "id": "40",
                    "label": "L.if",
                    "description": "Left infraorbital foramen",
                    "associatedNodeID": "",
                    "position": [20.753211975097656, -98.14356994628906, 17.233501434326172],
                    "orientation": [-1.0, -0.0, -0.0, -0.0, -1.0, -0.0, 0.0, 0.0, 1.0],
                    "selected": true,
                    "locked": false,
                    "visibility": true,
                    "positionStatus": "defined"
                },
                {
                    "id": "41",
                    "label": "R.po",
                    "description": "Right porion",
                    "associatedNodeID": "",
                    "position": [-44.58641052246094, -41.35721969604492, -48.083351135253906],
                    "orientation": [-1.0, -0.0, -0.0, -0.0, -1.0, -0.0, 0.0, 0.0, 1.0],
                    "selected": true,
                    "locked": false,
                    "visibility": true,
                    "positionStatus": "defined"
                },
                {
                    "id": "42",
                    "label": "sg",
                    "description": "sagittal suture",
                    "associatedNodeID": "",
                    "position": [8.22811508178711, 59.40187454223633, -32.024620056152344],
                    "orientation": [-1.0, -0.0, -0.0, -0.0, -1.0, -0.0, 0.0, 0.0, 1.0],
                    "selected": true,
                    "locked": false,
                    "visibility": true,
                    "positionStatus": "defined"
                },
                {
                    "id": "43",
                    "label": "ap",
                    "description": "apex",
                    "associatedNodeID": "",
                    "position": [2.2840800285339355, 45.37477493286133, 17.98111343383789],
                    "orientation": [-1.0, -0.0, -0.0, -0.0, -1.0, -0.0, 0.0, 0.0, 1.0],
                    "selected": true,
                    "locked": false,
                    "visibility": true,
                    "positionStatus": "defined"
                },
                {
                    "id": "44",
                    "label": "v",
                    "description": "verte",
                    "associatedNodeID": "",
                    "position": [4.868527412414551, 56.560115814208984, -0.25094717741012573],
                    "orientation": [-1.0, -0.0, -0.0, -0.0, -1.0, -0.0, 0.0, 0.0, 1.0],
                    "selected": true,
                    "locked": false,
                    "visibility": true,
                    "positionStatus": "defined"
                },
                {
                    "id": "45",
                    "label": "R.d",
                    "description": "Right dacryon",
                    "associatedNodeID": "",
                    "position": [-18.48473358154297, -65.50602722167969, 28.391883850097656],
                    "orientation": [-1.0, -0.0, -0.0, -0.0, -1.0, -0.0, 0.0, 0.0, 1.0],
                    "selected": true,
                    "locked": false,
                    "visibility": true,
                    "positionStatus": "defined"
                },
                {
                    "id": "46",
                    "label": "R.mf",
                    "description": "Right maxillofrontale",
                    "associatedNodeID": "",
                    "position": [-16.606340408325195, -73.75526428222656, 34.59751892089844],
                    "orientation": [-1.0, -0.0, -0.0, -0.0, -1.0, -0.0, 0.0, 0.0, 1.0],
                    "selected": true,
                    "locked": false,
                    "visibility": true,
                    "positionStatus": "defined"
                },
                {
                    "id": "47",
                    "label": "L.mf",
                    "description": "Left maxillofrontale",
                    "associatedNodeID": "",
                    "position": [5.111146926879883, -75.0064468383789, 34.423606872558594],
                    "orientation": [-1.0, -0.0, -0.0, -0.0, -1.0, -0.0, 0.0, 0.0, 1.0],
                    "selected": true,
                    "locked": false,
                    "visibility": true,
                    "positionStatus": "defined"
                },
                {
                    "id": "48",
                    "label": "L.d",
                    "description": "Left dacryon",
                    "associatedNodeID": "",
                    "position": [7.26165771484375, -67.91365051269531, 30.661378860473633],
                    "orientation": [-1.0, -0.0, -0.0, -0.0, -1.0, -0.0, 0.0, 0.0, 1.0],
                    "selected": true,
                    "locked": false,
                    "visibility": true,
                    "positionStatus": "defined"
                },
                {
                    "id": "49",
                    "label": "R.ec",
                    "description": "Right ectoconchion",
                    "associatedNodeID": "",
                    "position": [-52.106048583984375, -64.31605529785156, 20.153764724731445],
                    "orientation": [-1.0, -0.0, -0.0, -0.0, -1.0, -0.0, 0.0, 0.0, 1.0],
                    "selected": true,
                    "locked": false,
                    "visibility": true,
                    "positionStatus": "defined"
                },
                {
                    "id": "50",
                    "label": "L.ec",
                    "description": "Left ectoconchion",
                    "associatedNodeID": "",
                    "position": [41.551727294921875, -73.32470703125, 34.60131072998047],
                    "orientation": [-1.0, -0.0, -0.0, -0.0, -1.0, -0.0, 0.0, 0.0, 1.0],
                    "selected": true,
                    "locked": false,
                    "visibility": true,
                    "positionStatus": "defined"
                },
                {
                    "id": "51",
                    "label": "R.sty",
                    "description": "Right styloid process of temporal bone",
                    "associatedNodeID": "",
                    "position": [-29.599910736083984, -75.8048095703125, -53.523780822753906],
                    "orientation": [-1.0, -0.0, -0.0, -0.0, -1.0, -0.0, 0.0, 0.0, 1.0],
                    "selected": true,
                    "locked": false,
                    "visibility": true,
                    "positionStatus": "defined"
                },
                {
                    "id": "52",
                    "label": "L.sty",
                    "description": "Left styloid process of temporal bone",
                    "associatedNodeID": "",
                    "position": [27.65248680114746, -79.02000427246094, -45.79978942871094],
                    "orientation": [-1.0, -0.0, -0.0, -0.0, -1.0, -0.0, 0.0, 0.0, 1.0],
                    "selected": true,
                    "locked": false,
                    "visibility": true,
                    "positionStatus": "defined"
                },
                {
                    "id": "53",
                    "label": "R.md",
                    "description": "Right mandibular fossa",
                    "associatedNodeID": "",
                    "position": [-43.83396530151367, -49.23395156860352, -36.81014251708984],
                    "orientation": [-1.0, -0.0, -0.0, -0.0, -1.0, -0.0, 0.0, 0.0, 1.0],
                    "selected": true,
                    "locked": false,
                    "visibility": true,
                    "positionStatus": "defined"
                },
                {
                    "id": "54",
                    "label": "L.md",
                    "description": "Left mandibular fossa",
                    "associatedNodeID": "",
                    "position": [45.17814636230469, -56.20884704589844, -28.25974464416504],
                    "orientation": [-1.0, -0.0, -0.0, -0.0, -1.0, -0.0, 0.0, 0.0, 1.0],
                    "selected": true,
                    "locked": false,
                    "visibility": true,
                    "positionStatus": "defined"
                },
                {
                    "id": "55",
                    "label": "L.eop",
                    "description": "Left external occipital protuberance ",
                    "associatedNodeID": "",
                    "position": [24.619199752807617, -31.05375862121582, -90.9389877319336],
                    "orientation": [-1.0, -0.0, -0.0, -0.0, -1.0, -0.0, 0.0, 0.0, 1.0],
                    "selected": true,
                    "locked": false,
                    "visibility": true,
                    "positionStatus": "defined"
                },
                {
                    "id": "56",
                    "label": "R.eop",
                    "description": "Right external occipital protuberance ",
                    "associatedNodeID": "",
                    "position": [-6.044203281402588, -26.952077865600582, -95.728515625],
                    "orientation": [-1.0, -0.0, -0.0, -0.0, -1.0, -0.0, 0.0, 0.0, 1.0],
                    "selected": true,
                    "locked": false,
                    "visibility": true,
                    "positionStatus": "defined"
                },
                {
                    "id": "57",
                    "label": "L.oc",
                    "description": "Left occipital condyle",
                    "associatedNodeID": "",
                    "position": [19.11935806274414, -69.66213989257813, -60.2813835144043],
                    "orientation": [-1.0, -0.0, -0.0, -0.0, -1.0, -0.0, 0.0, 0.0, 1.0],
                    "selected": true,
                    "locked": false,
                    "visibility": true,
                    "positionStatus": "defined"
                },
                {
                    "id": "58",
                    "label": "R. oc",
                    "description": "Right occipital condyle",
                    "associatedNodeID": "",
                    "position": [-9.948827743530272, -68.04739379882813, -66.37955474853516],
                    "orientation": [-1.0, -0.0, -0.0, -0.0, -1.0, -0.0, 0.0, 0.0, 1.0],
                    "selected": true,
                    "locked": false,
                    "visibility": true,
                    "positionStatus": "defined"
                },
                {
                    "id": "59",
                    "label": "R.zm",
                    "description": "Right zygomaxillare",
                    "associatedNodeID": "",
                    "position": [-52.92021179199219, -96.60643768310548, -1.9089330434799192],
                    "orientation": [-1.0, -0.0, -0.0, -0.0, -1.0, -0.0, 0.0, 0.0, 1.0],
                    "selected": true,
                    "locked": false,
                    "visibility": true,
                    "positionStatus": "defined"
                },
                {
                    "id": "60",
                    "label": "L.zm",
                    "description": "Left zygomaxillare",
                    "associatedNodeID": "",
                    "position": [47.522315979003906, -100.26893615722656, 3.5144553184509277],
                    "orientation": [-1.0, -0.0, -0.0, -0.0, -1.0, -0.0, 0.0, 0.0, 1.0],
                    "selected": true,
                    "locked": false,
                    "visibility": true,
                    "positionStatus": "defined"
                },
                {
                    "id": "61",
                    "label": "L.mt",
                    "description": "Left marginal tubercle",
                    "associatedNodeID": "",
                    "position": [49.60098648071289, -71.15156555175781, 23.51862144470215],
                    "orientation": [-1.0, -0.0, -0.0, -0.0, -1.0, -0.0, 0.0, 0.0, 1.0],
                    "selected": true,
                    "locked": false,
                    "visibility": true,
                    "positionStatus": "defined"
                },
                {
                    "id": "62",
                    "label": "R.mt",
                    "description": "Right marginal tubercle",
                    "associatedNodeID": "",
                    "position": [-58.423561096191406, -61.82815933227539, 8.37031078338623],
                    "orientation": [-1.0, -0.0, -0.0, -0.0, -1.0, -0.0, 0.0, 0.0, 1.0],
                    "selected": true,
                    "locked": false,
                    "visibility": true,
                    "positionStatus": "defined"
                },
                {
                    "id": "63",
                    "label": "rhi",
                    "description": "rhinion",
                    "associatedNodeID": "",
                    "position": [-9.47052001953125, -94.79679107666016, 39.33244323730469],
                    "orientation": [-1.0, -0.0, -0.0, -0.0, -1.0, -0.0, 0.0, 0.0, 1.0],
                    "selected": true,
                    "locked": false,
                    "visibility": true,
                    "positionStatus": "defined"
                },
                {
                    "id": "64",
                    "label": "R.mso",
                    "description": "Right mid-supraorbital",
                    "associatedNodeID": "",
                    "position": [-26.89051055908203, -63.61238098144531, 41.46217346191406],
                    "orientation": [-1.0, -0.0, -0.0, -0.0, -1.0, -0.0, 0.0, 0.0, 1.0],
                    "selected": true,
                    "locked": false,
                    "visibility": true,
                    "positionStatus": "defined"
                },
                {
                    "id": "65",
                    "label": "L.mso",
                    "description": "Left mid-supraorbital",
                    "associatedNodeID": "",
                    "position": [8.092819213867188, -69.46597290039063, 46.56412124633789],
                    "orientation": [-1.0, -0.0, -0.0, -0.0, -1.0, -0.0, 0.0, 0.0, 1.0],
                    "selected": true,
                    "locked": false,
                    "visibility": true,
                    "positionStatus": "defined"
                },
                {
                    "id": "66",
                    "label": "R.zo",
                    "description": "Right zygoorbitale",
                    "associatedNodeID": "",
                    "position": [-37.250244140625, -88.61024475097656, 18.55936622619629],
                    "orientation": [-1.0, -0.0, -0.0, -0.0, -1.0, -0.0, 0.0, 0.0, 1.0],
                    "selected": true,
                    "locked": false,
                    "visibility": true,
                    "positionStatus": "defined"
                },
                {
                    "id": "67",
                    "label": "L.zo",
                    "description": "Left zygoorbitale",
                    "associatedNodeID": "",
                    "position": [20.763559341430664, -95.7515640258789, 26.21186256408691],
                    "orientation": [-1.0, -0.0, -0.0, -0.0, -1.0, -0.0, 0.0, 0.0, 1.0],
                    "selected": true,
                    "locked": false,
                    "visibility": true,
                    "positionStatus": "defined"
                },
                {
                    "id": "68",
                    "label": "L.ast",
                    "description": "Left asterion ",
                    "associatedNodeID": "",
                    "position": [54.303863525390625, -7.966190814971924, -66.25472259521484],
                    "orientation": [-1.0, -0.0, -0.0, -0.0, -1.0, -0.0, 0.0, 0.0, 1.0],
                    "selected": true,
                    "locked": false,
                    "visibility": true,
                    "positionStatus": "defined"
                },
                {
                    "id": "69",
                    "label": "L.co",
                    "description": "Left coronale",
                    "associatedNodeID": "",
                    "position": [46.92781448364258, -22.406272888183594, 39.48173141479492],
                    "orientation": [-1.0, -0.0, -0.0, -0.0, -1.0, -0.0, 0.0, 0.0, 1.0],
                    "selected": true,
                    "locked": false,
                    "visibility": true,
                    "positionStatus": "defined"
                },
                {
                    "id": "70",
                    "label": "R.ast",
                    "description": "Right asterion ",
                    "associatedNodeID": "",
                    "position": [-34.11980438232422, 4.138253211975098, -82.76349639892578],
                    "orientation": [-1.0, -0.0, -0.0, -0.0, -1.0, -0.0, 0.0, 0.0, 1.0],
                    "selected": true,
                    "locked": false,
                    "visibility": true,
                    "positionStatus": "defined"
                },
                {
                    "id": "71",
                    "label": "R.co",
                    "description": "Left coronale",
                    "associatedNodeID": "",
                    "position": [-55.06751251220703, -20.09603500366211, 22.542882919311523],
                    "orientation": [-1.0, -0.0, -0.0, -0.0, -1.0, -0.0, 0.0, 0.0, 1.0],
                    "selected": true,
                    "locked": false,
                    "visibility": true,
                    "positionStatus": "defined"
                }
            ],
            "measurements": [],
            "display": {
                "visibility": false,
                "opacity": 1.0,
                "color": [0.4, 1.0, 1.0],
                "selectedColor": [1.0, 0.5000076295109483, 0.5000076295109483],
                "activeColor": [0.4, 1.0, 0.0],
                "propertiesLabelVisibility": false,
                "pointLabelsVisibility": true,
                "textScale": 3.0,
                "glyphType": "Sphere3D",
                "glyphScale": 3.0,
                "glyphSize": 5.0,
                "useGlyphScale": true,
                "sliceProjection": false,
                "sliceProjectionUseFiducialColor": true,
                "sliceProjectionOutlinedBehindSlicePlane": false,
                "sliceProjectionColor": [1.0, 1.0, 1.0],
                "sliceProjectionOpacity": 0.6,
                "lineThickness": 0.2,
                "lineColorFadingStart": 1.0,
                "lineColorFadingEnd": 10.0,
                "lineColorFadingSaturation": 1.0,
                "lineColorFadingHueOffset": 0.0,
                "handlesInteractive": false,
                "translationHandleVisibility": true,
                "rotationHandleVisibility": true,
                "scaleHandleVisibility": true,
                "interactionHandleScale": 3.0,
                "snapMode": "toVisibleSurface"
            }
        }
    ]
}