{
    "@schema": "https://raw.githubusercontent.com/slicer/slicer/master/Modules/Loadable/Markups/Resources/Schema/markups-schema-v1.0.3.json#",
    "markups": [
        {
            "type": "Fiducial",
            "coordinateSystem": "LPS",
            "coordinateUnits": "mm",
            "locked": false,
            "fixedNumberOfControlPoints": true,
            "labelFormat": "%N-%d",
            "lastUsedControlPointNumber": 71,
            "controlPoints": [
                {
                    "id": "1",
                    "label": "n",
                    "description": "nasion",
                    "associatedNodeID": "",
                    "position": [38.77753448486328, 139.64573669433594, 65.28605651855469],
                    "orientation": [-1.0, -0.0, -0.0, -0.0, -1.0, -0.0, 0.0, 0.0, 1.0],
                    "selected": true,
                    "locked": false,
                    "visibility": true,
                    "positionStatus": "defined"
                },
                {
                    "id": "2",
                    "label": "g",
                    "description": "glabella",
                    "associatedNodeID": "",
                    "position": [43.26827621459961, 136.13890075683594, 45.561954498291016],
                    "orientation": [-1.0, -0.0, -0.0, -0.0, -1.0, -0.0, 0.0, 0.0, 1.0],
                    "selected": true,
                    "locked": false,
                    "visibility": true,
                    "positionStatus": "defined"
                },
                {
                    "id": "3",
                    "label": "L.ft",
                    "description": "Left frountotemporale",
                    "associatedNodeID": "",
                    "position": [89.2843246459961, 168.20266723632813, 54.75398635864258],
                    "orientation": [-1.0, -0.0, -0.0, -0.0, -1.0, -0.0, 0.0, 0.0, 1.0],
                    "selected": true,
                    "locked": false,
                    "visibility": true,
                    "positionStatus": "defined"
                },
                {
                    "id": "4",
                    "label": "L.ms",
                    "description": "Left mastoidale",
                    "associatedNodeID": "",
                    "position": [134.8193817138672, 148.01821899414065, 143.90341186523438],
                    "orientation": [-1.0, -0.0, -0.0, -0.0, -1.0, -0.0, 0.0, 0.0, 1.0],
                    "selected": true,
                    "locked": false,
                    "visibility": true,
                    "positionStatus": "defined"
                },
                {
                    "id": "5",
                    "label": "L.po",
                    "description": "Left porion",
                    "associatedNodeID": "",
                    "position": [133.09268188476565, 151.97418212890625, 112.37793731689452],
                    "orientation": [-1.0, -0.0, -0.0, -0.0, -1.0, -0.0, 0.0, 0.0, 1.0],
                    "selected": true,
                    "locked": false,
                    "visibility": true,
                    "positionStatus": "defined"
                },
                {
                    "id": "6",
                    "label": "i",
                    "description": "inion",
                    "associatedNodeID": "",
                    "position": [153.0411834716797, 69.36343383789063, 137.78297424316406],
                    "orientation": [-1.0, -0.0, -0.0, -0.0, -1.0, -0.0, 0.0, 0.0, 1.0],
                    "selected": true,
                    "locked": false,
                    "visibility": true,
                    "positionStatus": "defined"
                },
                {
                    "id": "7",
                    "label": "op",
                    "description": "opisthocranion",
                    "associatedNodeID": "",
                    "position": [170.23252868652344, 66.53732299804688, 139.18345642089844],
                    "orientation": [-1.0, -0.0, -0.0, -0.0, -1.0, -0.0, 0.0, 0.0, 1.0],
                    "selected": true,
                    "locked": false,
                    "visibility": true,
                    "positionStatus": "defined"
                },
                {
                    "id": "8",
                    "label": "l",
                    "description": "lamdba",
                    "associatedNodeID": "",
                    "position": [195.87594604492188, 57.10721206665039, 78.96419525146484],
                    "orientation": [-1.0, -0.0, -0.0, -0.0, -1.0, -0.0, 0.0, 0.0, 1.0],
                    "selected": true,
                    "locked": false,
                    "visibility": true,
                    "positionStatus": "defined"
                },
                {
                    "id": "9",
                    "label": "b",
                    "description": "bregma",
                    "associatedNodeID": "",
                    "position": [124.0732192993164, 97.12855529785156, 4.946552276611328],
                    "orientation": [-1.0, -0.0, -0.0, -0.0, -1.0, -0.0, 0.0, 0.0, 1.0],
                    "selected": true,
                    "locked": false,
                    "visibility": true,
                    "positionStatus": "defined"
                },
                {
                    "id": "10",
                    "label": "L.or",
                    "description": "Left orbitale",
                    "associatedNodeID": "",
                    "position": [57.94224166870117, 170.6692657470703, 97.0331573486328],
                    "orientation": [-1.0, -0.0, -0.0, -0.0, -1.0, -0.0, 0.0, 0.0, 1.0],
                    "selected": true,
                    "locked": false,
                    "visibility": true,
                    "positionStatus": "defined"
                },
                {
                    "id": "11",
                    "label": "ns",
                    "description": "nasospinale",
                    "associatedNodeID": "",
                    "position": [19.091293334960938, 146.23147583007813, 113.08113861083984],
                    "orientation": [-1.0, -0.0, -0.0, -0.0, -1.0, -0.0, 0.0, 0.0, 1.0],
                    "selected": true,
                    "locked": false,
                    "visibility": true,
                    "positionStatus": "defined"
                },
                {
                    "id": "12",
                    "label": "R.or",
                    "description": "Right orbitale",
                    "associatedNodeID": "",
                    "position": [24.891040802001953, 95.99488830566406, 92.97637939453124],
                    "orientation": [-1.0, -0.0, -0.0, -0.0, -1.0, -0.0, 0.0, 0.0, 1.0],
                    "selected": true,
                    "locked": false,
                    "visibility": true,
                    "positionStatus": "defined"
                },
                {
                    "id": "13",
                    "label": "R.ft",
                    "description": "Right frountotemporale",
                    "associatedNodeID": "",
                    "position": [35.548702239990234, 87.76644897460938, 56.98805618286133],
                    "orientation": [-1.0, -0.0, -0.0, -0.0, -1.0, -0.0, 0.0, 0.0, 1.0],
                    "selected": true,
                    "locked": false,
                    "visibility": true,
                    "positionStatus": "defined"
                },
                {
                    "id": "14",
                    "label": "R.eu",
                    "description": "Right euryon",
                    "associatedNodeID": "",
                    "position": [126.4252700805664, 18.436508178710938, 49.595821380615234],
                    "orientation": [-1.0, -0.0, -0.0, -0.0, -1.0, -0.0, 0.0, 0.0, 1.0],
                    "selected": true,
                    "locked": false,
                    "visibility": true,
                    "positionStatus": "defined"
                },
                {
                    "id": "15",
                    "label": "R.zy",
                    "description": "Right zygion",
                    "associatedNodeID": "",
                    "position": [39.88667678833008, 61.35707092285156, 107.41912841796876],
                    "orientation": [-1.0, -0.0, -0.0, -0.0, -1.0, -0.0, 0.0, 0.0, 1.0],
                    "selected": true,
                    "locked": false,
                    "visibility": true,
                    "positionStatus": "defined"
                },
                {
                    "id": "16",
                    "label": "L.zy",
                    "description": "Left zygion",
                    "associatedNodeID": "",
                    "position": [108.71227264404295, 176.89305114746094, 112.0975341796875],
                    "orientation": [-1.0, -0.0, -0.0, -0.0, -1.0, -0.0, 0.0, 0.0, 1.0],
                    "selected": true,
                    "locked": false,
                    "visibility": true,
                    "positionStatus": "defined"
                },
                {
                    "id": "17",
                    "label": "R.ms",
                    "description": "Right mastoidale",
                    "associatedNodeID": "",
                    "position": [79.41471099853516, 52.93381881713867, 142.21348571777344],
                    "orientation": [-1.0, -0.0, -0.0, -0.0, -1.0, -0.0, 0.0, 0.0, 1.0],
                    "selected": true,
                    "locked": false,
                    "visibility": true,
                    "positionStatus": "defined"
                },
                {
                    "id": "18",
                    "label": "pr",
                    "description": "prosthion",
                    "associatedNodeID": "",
                    "position": [12.74424934387207, 133.0570831298828, 129.2029266357422],
                    "orientation": [-1.0, -0.0, -0.0, -0.0, -1.0, -0.0, 0.0, 0.0, 1.0],
                    "selected": true,
                    "locked": false,
                    "visibility": true,
                    "positionStatus": "defined"
                },
                {
                    "id": "19",
                    "label": "R.ecm",
                    "description": "Right ectomolare",
                    "associatedNodeID": "",
                    "position": [34.17531967163086, 107.27644348144533, 136.51498413085938],
                    "orientation": [-1.0, -0.0, -0.0, -0.0, -1.0, -0.0, 0.0, 0.0, 1.0],
                    "selected": true,
                    "locked": false,
                    "visibility": true,
                    "positionStatus": "defined"
                },
                {
                    "id": "20",
                    "label": "L.ecm",
                    "description": "Left ectomolare",
                    "associatedNodeID": "",
                    "position": [52.16856002807617, 162.26084899902344, 135.25669860839844],
                    "orientation": [-1.0, -0.0, -0.0, -0.0, -1.0, -0.0, 0.0, 0.0, 1.0],
                    "selected": true,
                    "locked": false,
                    "visibility": true,
                    "positionStatus": "defined"
                },
                {
                    "id": "21",
                    "label": "L.al",
                    "description": "Left alare",
                    "associatedNodeID": "",
                    "position": [34.4239616394043, 152.8522491455078, 108.05975341796876],
                    "orientation": [-1.0, -0.0, -0.0, -0.0, -1.0, -0.0, 0.0, 0.0, 1.0],
                    "selected": true,
                    "locked": false,
                    "visibility": true,
                    "positionStatus": "defined"
                },
                {
                    "id": "22",
                    "label": "R.al",
                    "description": "Right alare",
                    "associatedNodeID": "",
                    "position": [21.457042694091797, 132.02761840820313, 102.83499145507813],
                    "orientation": [-1.0, -0.0, -0.0, -0.0, -1.0, -0.0, 0.0, 0.0, 1.0],
                    "selected": true,
                    "locked": false,
                    "visibility": true,
                    "positionStatus": "defined"
                },
                {
                    "id": "23",
                    "label": "L.eu",
                    "description": "Left euryon ",
                    "associatedNodeID": "",
                    "position": [187.72511291503903, 136.9276580810547, 51.370567321777344],
                    "orientation": [-1.0, -0.0, -0.0, -0.0, -1.0, -0.0, 0.0, 0.0, 1.0],
                    "selected": true,
                    "locked": false,
                    "visibility": true,
                    "positionStatus": "defined"
                },
                {
                    "id": "24",
                    "label": "R.pt",
                    "description": "Right pterion",
                    "associatedNodeID": "",
                    "position": [56.341339111328125, 64.35233306884766, 72.1661148071289],
                    "orientation": [-1.0, -0.0, -0.0, -0.0, -1.0, -0.0, 0.0, 0.0, 1.0],
                    "selected": true,
                    "locked": false,
                    "visibility": true,
                    "positionStatus": "defined"
                },
                {
                    "id": "25",
                    "label": "R.sq",
                    "description": "Right squamous",
                    "associatedNodeID": "",
                    "position": [82.12236022949219, 35.13299560546875, 69.67533111572266],
                    "orientation": [-1.0, -0.0, -0.0, -0.0, -1.0, -0.0, 0.0, 0.0, 1.0],
                    "selected": true,
                    "locked": false,
                    "visibility": true,
                    "positionStatus": "defined"
                },
                {
                    "id": "26",
                    "label": "R.ls",
                    "description": "Right lambdoid suture",
                    "associatedNodeID": "",
                    "position": [159.79489135742188, 27.6464900970459, 105.95879364013672],
                    "orientation": [-1.0, -0.0, -0.0, -0.0, -1.0, -0.0, 0.0, 0.0, 1.0],
                    "selected": true,
                    "locked": false,
                    "visibility": true,
                    "positionStatus": "defined"
                },
                {
                    "id": "27",
                    "label": "R.cs",
                    "description": "Right coronal suture",
                    "associatedNodeID": "",
                    "position": [91.88259887695313, 65.92647552490234, 14.099247932434082],
                    "orientation": [-1.0, -0.0, -0.0, -0.0, -1.0, -0.0, 0.0, 0.0, 1.0],
                    "selected": true,
                    "locked": false,
                    "visibility": true,
                    "positionStatus": "defined"
                },
                {
                    "id": "28",
                    "label": "L.pt",
                    "description": "Left pterion",
                    "associatedNodeID": "",
                    "position": [106.86727905273438, 165.44541931152344, 74.38999938964844],
                    "orientation": [-1.0, -0.0, -0.0, -0.0, -1.0, -0.0, 0.0, 0.0, 1.0],
                    "selected": true,
                    "locked": false,
                    "visibility": true,
                    "positionStatus": "defined"
                },
                {
                    "id": "29",
                    "label": "L.sq",
                    "description": "Left  squamous suture",
                    "associatedNodeID": "",
                    "position": [153.12831115722656, 161.13426208496094, 80.75147247314453],
                    "orientation": [-1.0, -0.0, -0.0, -0.0, -1.0, -0.0, 0.0, 0.0, 1.0],
                    "selected": true,
                    "locked": false,
                    "visibility": true,
                    "positionStatus": "defined"
                },
                {
                    "id": "30",
                    "label": "L.ls",
                    "description": "Left lambdoid suture",
                    "associatedNodeID": "",
                    "position": [198.04689025878903, 102.94139862060548, 113.67259216308594],
                    "orientation": [-1.0, -0.0, -0.0, -0.0, -1.0, -0.0, 0.0, 0.0, 1.0],
                    "selected": true,
                    "locked": false,
                    "visibility": true,
                    "positionStatus": "defined"
                },
                {
                    "id": "31",
                    "label": "L.cs",
                    "description": "Left coronal suture",
                    "associatedNodeID": "",
                    "position": [129.62510681152344, 144.9306182861328, 20.578691482543945],
                    "orientation": [-1.0, -0.0, -0.0, -0.0, -1.0, -0.0, 0.0, 0.0, 1.0],
                    "selected": true,
                    "locked": false,
                    "visibility": true,
                    "positionStatus": "defined"
                },
                {
                    "id": "32",
                    "label": "ol",
                    "description": "olrale",
                    "associatedNodeID": "",
                    "position": [20.49913787841797, 135.257080078125, 132.5524139404297],
                    "orientation": [-1.0, -0.0, -0.0, -0.0, -1.0, -0.0, 0.0, 0.0, 1.0],
                    "selected": true,
                    "locked": false,
                    "visibility": true,
                    "positionStatus": "defined"
                },
                {
                    "id": "33",
                    "label": "L.enm",
                    "description": "Left endomolare",
                    "associatedNodeID": "",
                    "position": [48.808650970458984, 153.74420166015625, 141.82669067382813],
                    "orientation": [-1.0, -0.0, -0.0, -0.0, -1.0, -0.0, 0.0, 0.0, 1.0],
                    "selected": true,
                    "locked": false,
                    "visibility": true,
                    "positionStatus": "defined"
                },
                {
                    "id": "34",
                    "label": "R.enm",
                    "description": "Right endomolare",
                    "associatedNodeID": "",
                    "position": [39.01447677612305, 113.21869659423828, 138.6253204345703],
                    "orientation": [-1.0, -0.0, -0.0, -0.0, -1.0, -0.0, 0.0, 0.0, 1.0],
                    "selected": true,
                    "locked": false,
                    "visibility": true,
                    "positionStatus": "defined"
                },
                {
                    "id": "35",
                    "label": "sta",
                    "description": "staphylion",
                    "associatedNodeID": "",
                    "position": [60.366363525390625, 127.73871612548828, 128.23040771484375],
                    "orientation": [-1.0, -0.0, -0.0, -0.0, -1.0, -0.0, 0.0, 0.0, 1.0],
                    "selected": true,
                    "locked": false,
                    "visibility": true,
                    "positionStatus": "defined"
                },
                {
                    "id": "36",
                    "label": "alv",
                    "description": "alveolon",
                    "associatedNodeID": "",
                    "position": [74.0472183227539, 120.2062530517578, 107.01962280273438],
                    "orientation": [-1.0, -0.0, -0.0, -0.0, -1.0, -0.0, 0.0, 0.0, 1.0],
                    "selected": true,
                    "locked": false,
                    "visibility": true,
                    "positionStatus": "defined"
                },
                {
                    "id": "37",
                    "label": "ba",
                    "description": "basion",
                    "associatedNodeID": "",
                    "position": [99.19880676269533, 104.21858215332033, 132.322021484375],
                    "orientation": [-1.0, -0.0, -0.0, -0.0, -1.0, -0.0, 0.0, 0.0, 1.0],
                    "selected": true,
                    "locked": false,
                    "visibility": true,
                    "positionStatus": "defined"
                },
                {
                    "id": "38",
                    "label": "o",
                    "description": "opisthion",
                    "associatedNodeID": "",
                    "position": [130.51470947265625, 87.7030258178711, 151.32977294921875],
                    "orientation": [-1.0, -0.0, -0.0, -0.0, -1.0, -0.0, 0.0, 0.0, 1.0],
                    "selected": true,
                    "locked": false,
                    "visibility": true,
                    "positionStatus": "defined"
                },
                {
                    "id": "39",
                    "label": "R.if",
                    "description": "Right infraorbital foramen",
                    "associatedNodeID": "",
                    "position": [27.78611946105957, 107.28749084472656, 104.2834014892578],
                    "orientation": [-1.0, -0.0, -0.0, -0.0, -1.0, -0.0, 0.0, 0.0, 1.0],
                    "selected": true,
                    "locked": false,
                    "visibility": true,
                    "positionStatus": "defined"
                },
                {
                    "id": "40",
                    "label": "L.if",
                    "description": "Left infraorbital foramen",
                    "associatedNodeID": "",
                    "position": [47.70320129394531, 150.1571044921875, 103.46539306640624],
                    "orientation": [-1.0, -0.0, -0.0, -0.0, -1.0, -0.0, 0.0, 0.0, 1.0],
                    "selected": true,
                    "locked": false,
                    "visibility": true,
                    "positionStatus": "defined"
                },
                {
                    "id": "41",
                    "label": "R.po",
                    "description": "Right porion",
                    "associatedNodeID": "",
                    "position": [78.53504180908203, 52.820220947265625, 111.39924621582033],
                    "orientation": [-1.0, -0.0, -0.0, -0.0, -1.0, -0.0, 0.0, 0.0, 1.0],
                    "selected": true,
                    "locked": false,
                    "visibility": true,
                    "positionStatus": "defined"
                },
                {
                    "id": "42",
                    "label": "sg",
                    "description": "sagittal suture",
                    "associatedNodeID": "",
                    "position": [189.2261199951172, 61.313480377197266, 54.027095794677734],
                    "orientation": [-1.0, -0.0, -0.0, -0.0, -1.0, -0.0, 0.0, 0.0, 1.0],
                    "selected": true,
                    "locked": false,
                    "visibility": true,
                    "positionStatus": "defined"
                },
                {
                    "id": "43",
                    "label": "ap",
                    "description": "apex",
                    "associatedNodeID": "",
                    "position": [137.18128967285156, 90.70450592041016, 6.850065231323242],
                    "orientation": [-1.0, -0.0, -0.0, -0.0, -1.0, -0.0, 0.0, 0.0, 1.0],
                    "selected": true,
                    "locked": false,
                    "visibility": true,
                    "positionStatus": "defined"
                },
                {
                    "id": "44",
                    "label": "v",
                    "description": "verte",
                    "associatedNodeID": "",
                    "position": [166.27627563476565, 73.79508972167969, 21.44851303100586],
                    "orientation": [-1.0, -0.0, -0.0, -0.0, -1.0, -0.0, 0.0, 0.0, 1.0],
                    "selected": true,
                    "locked": false,
                    "visibility": true,
                    "positionStatus": "defined"
                },
                {
                    "id": "45",
                    "label": "R.d",
                    "description": "Right dacryon",
                    "associatedNodeID": "",
                    "position": [41.07939910888672, 122.90499877929688, 72.6026840209961],
                    "orientation": [-1.0, -0.0, -0.0, -0.0, -1.0, -0.0, 0.0, 0.0, 1.0],
                    "selected": true,
                    "locked": false,
                    "visibility": true,
                    "positionStatus": "defined"
                },
                {
                    "id": "46",
                    "label": "R.mf",
                    "description": "Right maxillofrontale",
                    "associatedNodeID": "",
                    "position": [38.26364517211914, 128.23422241210938, 73.76392364501953],
                    "orientation": [-1.0, -0.0, -0.0, -0.0, -1.0, -0.0, 0.0, 0.0, 1.0],
                    "selected": true,
                    "locked": false,
                    "visibility": true,
                    "positionStatus": "defined"
                },
                {
                    "id": "47",
                    "label": "L.mf",
                    "description": "Left maxillofrontale",
                    "associatedNodeID": "",
                    "position": [51.18927001953125, 145.94065856933594, 75.37991333007813],
                    "orientation": [-1.0, -0.0, -0.0, -0.0, -1.0, -0.0, 0.0, 0.0, 1.0],
                    "selected": true,
                    "locked": false,
                    "visibility": true,
                    "positionStatus": "defined"
                },
                {
                    "id": "48",
                    "label": "L.d",
                    "description": "Left dacryon",
                    "associatedNodeID": "",
                    "position": [52.78227615356445, 143.82589721679688, 71.5906982421875],
                    "orientation": [-1.0, -0.0, -0.0, -0.0, -1.0, -0.0, 0.0, 0.0, 1.0],
                    "selected": true,
                    "locked": false,
                    "visibility": true,
                    "positionStatus": "defined"
                },
                {
                    "id": "49",
                    "label": "R.ec",
                    "description": "Right ectoconchion",
                    "associatedNodeID": "",
                    "position": [27.584341049194336, 91.2179718017578, 68.04248809814453],
                    "orientation": [-1.0, -0.0, -0.0, -0.0, -1.0, -0.0, 0.0, 0.0, 1.0],
                    "selected": true,
                    "locked": false,
                    "visibility": true,
                    "positionStatus": "defined"
                },
                {
                    "id": "50",
                    "label": "L.ec",
                    "description": "Left ectoconchion",
                    "associatedNodeID": "",
                    "position": [77.1749038696289, 175.172607421875, 75.17597198486328],
                    "orientation": [-1.0, -0.0, -0.0, -0.0, -1.0, -0.0, 0.0, 0.0, 1.0],
                    "selected": true,
                    "locked": false,
                    "visibility": true,
                    "positionStatus": "defined"
                },
                {
                    "id": "51",
                    "label": "R.sty",
                    "description": "Right styloid process of temporal bone",
                    "associatedNodeID": "",
                    "position": [75.61479949951172, 69.79197692871094, 130.865478515625],
                    "orientation": [-1.0, -0.0, -0.0, -0.0, -1.0, -0.0, 0.0, 0.0, 1.0],
                    "selected": true,
                    "locked": false,
                    "visibility": true,
                    "positionStatus": "defined"
                },
                {
                    "id": "52",
                    "label": "L.sty",
                    "description": "Left styloid process of temporal bone",
                    "associatedNodeID": "",
                    "position": [112.73504638671876, 138.4676971435547, 129.0653076171875],
                    "orientation": [-1.0, -0.0, -0.0, -0.0, -1.0, -0.0, 0.0, 0.0, 1.0],
                    "selected": true,
                    "locked": false,
                    "visibility": true,
                    "positionStatus": "defined"
                },
                {
                    "id": "53",
                    "label": "R.md",
                    "description": "Right mandibular fossa",
                    "associatedNodeID": "",
                    "position": [70.6522216796875, 62.46598815917969, 109.6430892944336],
                    "orientation": [-1.0, -0.0, -0.0, -0.0, -1.0, -0.0, 0.0, 0.0, 1.0],
                    "selected": true,
                    "locked": false,
                    "visibility": true,
                    "positionStatus": "defined"
                },
                {
                    "id": "54",
                    "label": "L.md",
                    "description": "Left mandibular fossa",
                    "associatedNodeID": "",
                    "position": [122.08907318115234, 152.54881286621094, 111.440185546875],
                    "orientation": [-1.0, -0.0, -0.0, -0.0, -1.0, -0.0, 0.0, 0.0, 1.0],
                    "selected": true,
                    "locked": false,
                    "visibility": true,
                    "positionStatus": "defined"
                },
                {
                    "id": "55",
                    "label": "L.eop",
                    "description": "Left external occipital protuberance ",
                    "associatedNodeID": "",
                    "position": [160.6954345703125, 84.22611236572266, 146.09722900390625],
                    "orientation": [-1.0, -0.0, -0.0, -0.0, -1.0, -0.0, 0.0, 0.0, 1.0],
                    "selected": true,
                    "locked": false,
                    "visibility": true,
                    "positionStatus": "defined"
                },
                {
                    "id": "56",
                    "label": "R.eop",
                    "description": "Right external occipital protuberance ",
                    "associatedNodeID": "",
                    "position": [145.26776123046875, 53.27831268310547, 142.89488220214844],
                    "orientation": [-1.0, -0.0, -0.0, -0.0, -1.0, -0.0, 0.0, 0.0, 1.0],
                    "selected": true,
                    "locked": false,
                    "visibility": true,
                    "positionStatus": "defined"
                },
                {
                    "id": "57",
                    "label": "L.oc",
                    "description": "Left occipital condyle",
                    "associatedNodeID": "",
                    "position": [117.7303466796875, 117.5132064819336, 142.57086181640625],
                    "orientation": [-1.0, -0.0, -0.0, -0.0, -1.0, -0.0, 0.0, 0.0, 1.0],
                    "selected": true,
                    "locked": false,
                    "visibility": true,
                    "positionStatus": "defined"
                },
                {
                    "id": "58",
                    "label": "R. oc",
                    "description": "Right occipital condyle",
                    "associatedNodeID": "",
                    "position": [99.39690399169922, 83.8359146118164, 142.7851104736328],
                    "orientation": [-1.0, -0.0, -0.0, -0.0, -1.0, -0.0, 0.0, 0.0, 1.0],
                    "selected": true,
                    "locked": false,
                    "visibility": true,
                    "positionStatus": "defined"
                },
                {
                    "id": "59",
                    "label": "R.zm",
                    "description": "Right zygomaxillare",
                    "associatedNodeID": "",
                    "position": [21.41691780090332, 93.84090423583984, 114.52820587158205],
                    "orientation": [-1.0, -0.0, -0.0, -0.0, -1.0, -0.0, 0.0, 0.0, 1.0],
                    "selected": true,
                    "locked": false,
                    "visibility": true,
                    "positionStatus": "defined"
                },
                {
                    "id": "60",
                    "label": "L.zm",
                    "description": "Left zygomaxillare",
                    "associatedNodeID": "",
                    "position": [68.49602508544922, 175.9871063232422, 116.85588073730467],
                    "orientation": [-1.0, -0.0, -0.0, -0.0, -1.0, -0.0, 0.0, 0.0, 1.0],
                    "selected": true,
                    "locked": false,
                    "visibility": true,
                    "positionStatus": "defined"
                },
                {
                    "id": "61",
                    "label": "L.mt",
                    "description": "Left marginal tubercle",
                    "associatedNodeID": "",
                    "position": [87.09759521484375, 175.55738830566406, 83.9122543334961],
                    "orientation": [-1.0, -0.0, -0.0, -0.0, -1.0, -0.0, 0.0, 0.0, 1.0],
                    "selected": true,
                    "locked": false,
                    "visibility": true,
                    "positionStatus": "defined"
                },
                {
                    "id": "62",
                    "label": "R.mt",
                    "description": "Right marginal tubercle",
                    "associatedNodeID": "",
                    "position": [31.14449119567871, 81.6300277709961, 80.25457000732422],
                    "orientation": [-1.0, -0.0, -0.0, -0.0, -1.0, -0.0, 0.0, 0.0, 1.0],
                    "selected": true,
                    "locked": false,
                    "visibility": true,
                    "positionStatus": "defined"
                },
                {
                    "id": "63",
                    "label": "rhi",
                    "description": "rhinion",
                    "associatedNodeID": "",
                    "position": [25.18537139892578, 145.99583435058594, 76.13772583007813],
                    "orientation": [-1.0, -0.0, -0.0, -0.0, -1.0, -0.0, 0.0, 0.0, 1.0],
                    "selected": true,
                    "locked": false,
                    "visibility": true,
                    "positionStatus": "defined"
                },
                {
                    "id": "64",
                    "label": "R.mso",
                    "description": "Right mid-supraorbital",
                    "associatedNodeID": "",
                    "position": [34.53509521484375, 121.4843978881836, 62.05202865600586],
                    "orientation": [-1.0, -0.0, -0.0, -0.0, -1.0, -0.0, 0.0, 0.0, 1.0],
                    "selected": true,
                    "locked": false,
                    "visibility": true,
                    "positionStatus": "defined"
                },
                {
                    "id": "65",
                    "label": "L.mso",
                    "description": "Left mid-supraorbital",
                    "associatedNodeID": "",
                    "position": [54.90168380737305, 152.7410430908203, 61.62344741821289],
                    "orientation": [-1.0, -0.0, -0.0, -0.0, -1.0, -0.0, 0.0, 0.0, 1.0],
                    "selected": true,
                    "locked": false,
                    "visibility": true,
                    "positionStatus": "defined"
                },
                {
                    "id": "66",
                    "label": "R.zo",
                    "description": "Right zygoorbitale",
                    "associatedNodeID": "",
                    "position": [26.25845718383789, 120.1377944946289, 94.35679626464844],
                    "orientation": [-1.0, -0.0, -0.0, -0.0, -1.0, -0.0, 0.0, 0.0, 1.0],
                    "selected": true,
                    "locked": false,
                    "visibility": true,
                    "positionStatus": "defined"
                },
                {
                    "id": "67",
                    "label": "L.zo",
                    "description": "Left zygoorbitale",
                    "associatedNodeID": "",
                    "position": [45.0191764831543, 156.9277801513672, 95.59695434570313],
                    "orientation": [-1.0, -0.0, -0.0, -0.0, -1.0, -0.0, 0.0, 0.0, 1.0],
                    "selected": true,
                    "locked": false,
                    "visibility": true,
                    "positionStatus": "defined"
                },
                {
                    "id": "68",
                    "label": "L.ast",
                    "description": "Left asterion ",
                    "associatedNodeID": "",
                    "position": [178.00755310058594, 129.22564697265625, 119.59375],
                    "orientation": [-1.0, -0.0, -0.0, -0.0, -1.0, -0.0, 0.0, 0.0, 1.0],
                    "selected": true,
                    "locked": false,
                    "visibility": true,
                    "positionStatus": "defined"
                },
                {
                    "id": "69",
                    "label": "L.co",
                    "description": "Left coronale",
                    "associatedNodeID": "",
                    "position": [114.35397338867188, 163.35562133789065, 46.67644119262695],
                    "orientation": [-1.0, -0.0, -0.0, -0.0, -1.0, -0.0, 0.0, 0.0, 1.0],
                    "selected": true,
                    "locked": false,
                    "visibility": true,
                    "positionStatus": "defined"
                },
                {
                    "id": "70",
                    "label": "R.ast",
                    "description": "Right asterion ",
                    "associatedNodeID": "",
                    "position": [122.5789566040039, 29.37139320373535, 115.9012451171875],
                    "orientation": [-1.0, -0.0, -0.0, -0.0, -1.0, -0.0, 0.0, 0.0, 1.0],
                    "selected": true,
                    "locked": false,
                    "visibility": true,
                    "positionStatus": "defined"
                },
                {
                    "id": "71",
                    "label": "R.co",
                    "description": "Left coronale",
                    "associatedNodeID": "",
                    "position": [48.83919525146485, 76.82295989990234, 44.09933090209961],
                    "orientation": [-1.0, -0.0, -0.0, -0.0, -1.0, -0.0, 0.0, 0.0, 1.0],
                    "selected": true,
                    "locked": false,
                    "visibility": true,
                    "positionStatus": "defined"
                }
            ],
            "measurements": [],
            "display": {
                "visibility": false,
                "opacity": 1.0,
                "color": [0.4, 1.0, 1.0],
                "selectedColor": [1.0, 0.5000076295109483, 0.5000076295109483],
                "activeColor": [0.4, 1.0, 0.0],
                "propertiesLabelVisibility": false,
                "pointLabelsVisibility": true,
                "textScale": 3.0,
                "glyphType": "Sphere3D",
                "glyphScale": 3.0,
                "glyphSize": 5.0,
                "useGlyphScale": true,
                "sliceProjection": false,
                "sliceProjectionUseFiducialColor": true,
                "sliceProjectionOutlinedBehindSlicePlane": false,
                "sliceProjectionColor": [1.0, 1.0, 1.0],
                "sliceProjectionOpacity": 0.6,
                "lineThickness": 0.2,
                "lineColorFadingStart": 1.0,
                "lineColorFadingEnd": 10.0,
                "lineColorFadingSaturation": 1.0,
                "lineColorFadingHueOffset": 0.0,
                "handlesInteractive": false,
                "translationHandleVisibility": true,
                "rotationHandleVisibility": true,
                "scaleHandleVisibility": true,
                "interactionHandleScale": 3.0,
                "snapMode": "toVisibleSurface"
            }
        }
    ]
}