{
    "@schema": "https://raw.githubusercontent.com/slicer/slicer/master/Modules/Loadable/Markups/Resources/Schema/markups-schema-v1.0.3.json#",
    "markups": [
        {
            "type": "Fiducial",
            "coordinateSystem": "LPS",
            "coordinateUnits": "mm",
            "locked": false,
            "fixedNumberOfControlPoints": true,
            "labelFormat": "%N-%d",
            "lastUsedControlPointNumber": 71,
            "controlPoints": [
                {
                    "id": "1",
                    "label": "n",
                    "description": "nasion",
                    "associatedNodeID": "",
                    "position": [83.68895721435547, 88.6820068359375, 23.46672248840332],
                    "orientation": [-1.0, -0.0, -0.0, -0.0, -1.0, -0.0, 0.0, 0.0, 1.0],
                    "selected": true,
                    "locked": false,
                    "visibility": true,
                    "positionStatus": "defined"
                },
                {
                    "id": "2",
                    "label": "g",
                    "description": "glabella",
                    "associatedNodeID": "",
                    "position": [82.99706268310547, 109.67604064941406, 25.50640296936035],
                    "orientation": [-1.0, -0.0, -0.0, -0.0, -1.0, -0.0, 0.0, 0.0, 1.0],
                    "selected": true,
                    "locked": false,
                    "visibility": true,
                    "positionStatus": "defined"
                },
                {
                    "id": "3",
                    "label": "L.ft",
                    "description": "Left frountotemporale",
                    "associatedNodeID": "",
                    "position": [36.33096694946289, 98.4165267944336, 44.932491302490234],
                    "orientation": [-1.0, -0.0, -0.0, -0.0, -1.0, -0.0, 0.0, 0.0, 1.0],
                    "selected": true,
                    "locked": false,
                    "visibility": true,
                    "positionStatus": "defined"
                },
                {
                    "id": "4",
                    "label": "L.ms",
                    "description": "Left mastoidale",
                    "associatedNodeID": "",
                    "position": [36.517032623291016, 23.03477668762207, 112.96904754638672],
                    "orientation": [-1.0, -0.0, -0.0, -0.0, -1.0, -0.0, 0.0, 0.0, 1.0],
                    "selected": true,
                    "locked": false,
                    "visibility": true,
                    "positionStatus": "defined"
                },
                {
                    "id": "5",
                    "label": "L.po",
                    "description": "Left porion",
                    "associatedNodeID": "",
                    "position": [30.061111450195313, 50.353363037109375, 105.62020874023438],
                    "orientation": [-1.0, -0.0, -0.0, -0.0, -1.0, -0.0, 0.0, 0.0, 1.0],
                    "selected": true,
                    "locked": false,
                    "visibility": true,
                    "positionStatus": "defined"
                },
                {
                    "id": "6",
                    "label": "i",
                    "description": "inion",
                    "associatedNodeID": "",
                    "position": [88.80506134033203, 36.56813049316406, 157.72886657714844],
                    "orientation": [-1.0, -0.0, -0.0, -0.0, -1.0, -0.0, 0.0, 0.0, 1.0],
                    "selected": true,
                    "locked": false,
                    "visibility": true,
                    "positionStatus": "defined"
                },
                {
                    "id": "7",
                    "label": "op",
                    "description": "opisthocranion",
                    "associatedNodeID": "",
                    "position": [88.8389663696289, 46.46234893798828, 174.86167907714844],
                    "orientation": [-1.0, -0.0, -0.0, -0.0, -1.0, -0.0, 0.0, 0.0, 1.0],
                    "selected": true,
                    "locked": false,
                    "visibility": true,
                    "positionStatus": "defined"
                },
                {
                    "id": "8",
                    "label": "l",
                    "description": "lamdba",
                    "associatedNodeID": "",
                    "position": [82.42518615722656, 121.880126953125, 184.3157501220703],
                    "orientation": [-1.0, -0.0, -0.0, -0.0, -1.0, -0.0, 0.0, 0.0, 1.0],
                    "selected": true,
                    "locked": false,
                    "visibility": true,
                    "positionStatus": "defined"
                },
                {
                    "id": "9",
                    "label": "b",
                    "description": "bregma",
                    "associatedNodeID": "",
                    "position": [75.02507781982422, 162.1593780517578, 99.88175201416016],
                    "orientation": [-1.0, -0.0, -0.0, -0.0, -1.0, -0.0, 0.0, 0.0, 1.0],
                    "selected": true,
                    "locked": false,
                    "visibility": true,
                    "positionStatus": "defined"
                },
                {
                    "id": "10",
                    "label": "L.or",
                    "description": "Left orbitale",
                    "associatedNodeID": "",
                    "position": [46.998199462890625, 58.828914642333984, 33.41143798828125],
                    "orientation": [-1.0, -0.0, -0.0, -0.0, -1.0, -0.0, 0.0, 0.0, 1.0],
                    "selected": true,
                    "locked": false,
                    "visibility": true,
                    "positionStatus": "defined"
                },
                {
                    "id": "11",
                    "label": "ns",
                    "description": "nasospinale",
                    "associatedNodeID": "",
                    "position": [90.80924987792967, 38.10331344604492, 10.920004844665527],
                    "orientation": [-1.0, -0.0, -0.0, -0.0, -1.0, -0.0, 0.0, 0.0, 1.0],
                    "selected": true,
                    "locked": false,
                    "visibility": true,
                    "positionStatus": "defined"
                },
                {
                    "id": "12",
                    "label": "R.or",
                    "description": "Right orbitale",
                    "associatedNodeID": "",
                    "position": [128.79757690429688, 67.95613098144531, 34.651283264160156],
                    "orientation": [-1.0, -0.0, -0.0, -0.0, -1.0, -0.0, 0.0, 0.0, 1.0],
                    "selected": true,
                    "locked": false,
                    "visibility": true,
                    "positionStatus": "defined"
                },
                {
                    "id": "13",
                    "label": "R.ft",
                    "description": "Right frountotemporale",
                    "associatedNodeID": "",
                    "position": [131.8329620361328, 114.45169067382813, 52.315284729003906],
                    "orientation": [-1.0, -0.0, -0.0, -0.0, -1.0, -0.0, 0.0, 0.0, 1.0],
                    "selected": true,
                    "locked": false,
                    "visibility": true,
                    "positionStatus": "defined"
                },
                {
                    "id": "14",
                    "label": "R.eu",
                    "description": "Right euryon",
                    "associatedNodeID": "",
                    "position": [140.34527587890625, 133.99620056152344, 143.86544799804688],
                    "orientation": [-1.0, -0.0, -0.0, -0.0, -1.0, -0.0, 0.0, 0.0, 1.0],
                    "selected": true,
                    "locked": false,
                    "visibility": true,
                    "positionStatus": "defined"
                },
                {
                    "id": "15",
                    "label": "R.zy",
                    "description": "Right zygion",
                    "associatedNodeID": "",
                    "position": [146.05560302734375, 54.9484748840332, 57.67285919189453],
                    "orientation": [-1.0, -0.0, -0.0, -0.0, -1.0, -0.0, 0.0, 0.0, 1.0],
                    "selected": true,
                    "locked": false,
                    "visibility": true,
                    "positionStatus": "defined"
                },
                {
                    "id": "16",
                    "label": "L.zy",
                    "description": "Left zygion",
                    "associatedNodeID": "",
                    "position": [24.397483825683594, 49.225135803222656, 70.92949676513672],
                    "orientation": [-1.0, -0.0, -0.0, -0.0, -1.0, -0.0, 0.0, 0.0, 1.0],
                    "selected": true,
                    "locked": false,
                    "visibility": true,
                    "positionStatus": "defined"
                },
                {
                    "id": "17",
                    "label": "R.ms",
                    "description": "Right mastoidale",
                    "associatedNodeID": "",
                    "position": [144.56687927246094, 36.747894287109375, 116.63182830810548],
                    "orientation": [-1.0, -0.0, -0.0, -0.0, -1.0, -0.0, 0.0, 0.0, 1.0],
                    "selected": true,
                    "locked": false,
                    "visibility": true,
                    "positionStatus": "defined"
                },
                {
                    "id": "18",
                    "label": "pr",
                    "description": "prosthion",
                    "associatedNodeID": "",
                    "position": [108.51543426513672, 23.442916870117188, 12.441980361938477],
                    "orientation": [-1.0, -0.0, -0.0, -0.0, -1.0, -0.0, 0.0, 0.0, 1.0],
                    "selected": true,
                    "locked": false,
                    "visibility": true,
                    "positionStatus": "defined"
                },
                {
                    "id": "19",
                    "label": "R.ecm",
                    "description": "Right ectomolare",
                    "associatedNodeID": "",
                    "position": [124.2875518798828, 21.211204528808594, 39.515811920166016],
                    "orientation": [-1.0, -0.0, -0.0, -0.0, -1.0, -0.0, 0.0, 0.0, 1.0],
                    "selected": true,
                    "locked": false,
                    "visibility": true,
                    "positionStatus": "defined"
                },
                {
                    "id": "20",
                    "label": "L.ecm",
                    "description": "Left ectomolare",
                    "associatedNodeID": "",
                    "position": [63.511962890625, 13.693017959594728, 39.60432815551758],
                    "orientation": [-1.0, -0.0, -0.0, -0.0, -1.0, -0.0, 0.0, 0.0, 1.0],
                    "selected": true,
                    "locked": false,
                    "visibility": true,
                    "positionStatus": "defined"
                },
                {
                    "id": "21",
                    "label": "L.al",
                    "description": "Left alare",
                    "associatedNodeID": "",
                    "position": [78.21673583984375, 42.198856353759766, 18.163841247558594],
                    "orientation": [-1.0, -0.0, -0.0, -0.0, -1.0, -0.0, 0.0, 0.0, 1.0],
                    "selected": true,
                    "locked": false,
                    "visibility": true,
                    "positionStatus": "defined"
                },
                {
                    "id": "22",
                    "label": "R.al",
                    "description": "Right alare",
                    "associatedNodeID": "",
                    "position": [101.31483459472656, 42.98772048950195, 18.179004669189453],
                    "orientation": [-1.0, -0.0, -0.0, -0.0, -1.0, -0.0, 0.0, 0.0, 1.0],
                    "selected": true,
                    "locked": false,
                    "visibility": true,
                    "positionStatus": "defined"
                },
                {
                    "id": "23",
                    "label": "L.eu",
                    "description": "Left euryon ",
                    "associatedNodeID": "",
                    "position": [20.367895126342773, 123.39808654785156, 143.40338134765625],
                    "orientation": [-1.0, -0.0, -0.0, -0.0, -1.0, -0.0, 0.0, 0.0, 1.0],
                    "selected": true,
                    "locked": false,
                    "visibility": true,
                    "positionStatus": "defined"
                },
                {
                    "id": "24",
                    "label": "R.pt",
                    "description": "Right pterion",
                    "associatedNodeID": "",
                    "position": [140.63540649414065, 107.15413665771484, 74.99210357666016],
                    "orientation": [-1.0, -0.0, -0.0, -0.0, -1.0, -0.0, 0.0, 0.0, 1.0],
                    "selected": true,
                    "locked": false,
                    "visibility": true,
                    "positionStatus": "defined"
                },
                {
                    "id": "25",
                    "label": "R.sq",
                    "description": "Right squamous",
                    "associatedNodeID": "",
                    "position": [151.9912109375, 104.89086151123048, 104.08519744873048],
                    "orientation": [-1.0, -0.0, -0.0, -0.0, -1.0, -0.0, 0.0, 0.0, 1.0],
                    "selected": true,
                    "locked": false,
                    "visibility": true,
                    "positionStatus": "defined"
                },
                {
                    "id": "26",
                    "label": "R.ls",
                    "description": "Right lambdoid suture",
                    "associatedNodeID": "",
                    "position": [116.25924682617188, 101.29338836669922, 184.72181701660156],
                    "orientation": [-1.0, -0.0, -0.0, -0.0, -1.0, -0.0, 0.0, 0.0, 1.0],
                    "selected": true,
                    "locked": false,
                    "visibility": true,
                    "positionStatus": "defined"
                },
                {
                    "id": "27",
                    "label": "R.cs",
                    "description": "Right coronal suture",
                    "associatedNodeID": "",
                    "position": [112.94068145751952, 154.95028686523438, 88.80290222167969],
                    "orientation": [-1.0, -0.0, -0.0, -0.0, -1.0, -0.0, 0.0, 0.0, 1.0],
                    "selected": true,
                    "locked": false,
                    "visibility": true,
                    "positionStatus": "defined"
                },
                {
                    "id": "28",
                    "label": "L.pt",
                    "description": "Left pterion",
                    "associatedNodeID": "",
                    "position": [28.93153953552246, 92.12398529052734, 69.2665786743164],
                    "orientation": [-1.0, -0.0, -0.0, -0.0, -1.0, -0.0, 0.0, 0.0, 1.0],
                    "selected": true,
                    "locked": false,
                    "visibility": true,
                    "positionStatus": "defined"
                },
                {
                    "id": "29",
                    "label": "L.sq",
                    "description": "Left  squamous suture",
                    "associatedNodeID": "",
                    "position": [16.7689151763916, 93.1787567138672, 96.18197631835938],
                    "orientation": [-1.0, -0.0, -0.0, -0.0, -1.0, -0.0, 0.0, 0.0, 1.0],
                    "selected": true,
                    "locked": false,
                    "visibility": true,
                    "positionStatus": "defined"
                },
                {
                    "id": "30",
                    "label": "L.ls",
                    "description": "Left lambdoid suture",
                    "associatedNodeID": "",
                    "position": [44.36909866333008, 83.88007354736328, 177.73345947265625],
                    "orientation": [-1.0, -0.0, -0.0, -0.0, -1.0, -0.0, 0.0, 0.0, 1.0],
                    "selected": true,
                    "locked": false,
                    "visibility": true,
                    "positionStatus": "defined"
                },
                {
                    "id": "31",
                    "label": "L.cs",
                    "description": "Left coronal suture",
                    "associatedNodeID": "",
                    "position": [37.402244567871094, 142.71493530273438, 86.19477081298828],
                    "orientation": [-1.0, -0.0, -0.0, -0.0, -1.0, -0.0, 0.0, 0.0, 1.0],
                    "selected": true,
                    "locked": false,
                    "visibility": true,
                    "positionStatus": "defined"
                },
                {
                    "id": "32",
                    "label": "ol",
                    "description": "olrale",
                    "associatedNodeID": "",
                    "position": [106.543212890625, 21.640804290771484, 14.441948890686035],
                    "orientation": [-1.0, -0.0, -0.0, -0.0, -1.0, -0.0, 0.0, 0.0, 1.0],
                    "selected": true,
                    "locked": false,
                    "visibility": true,
                    "positionStatus": "defined"
                },
                {
                    "id": "33",
                    "label": "L.enm",
                    "description": "Left endomolare",
                    "associatedNodeID": "",
                    "position": [73.91273498535156, 20.10900115966797, 41.09410095214844],
                    "orientation": [-1.0, -0.0, -0.0, -0.0, -1.0, -0.0, 0.0, 0.0, 1.0],
                    "selected": true,
                    "locked": false,
                    "visibility": true,
                    "positionStatus": "defined"
                },
                {
                    "id": "34",
                    "label": "R.enm",
                    "description": "Right endomolare",
                    "associatedNodeID": "",
                    "position": [114.20500183105467, 22.44788360595703, 42.57452774047851],
                    "orientation": [-1.0, -0.0, -0.0, -0.0, -1.0, -0.0, 0.0, 0.0, 1.0],
                    "selected": true,
                    "locked": false,
                    "visibility": true,
                    "positionStatus": "defined"
                },
                {
                    "id": "35",
                    "label": "sta",
                    "description": "staphylion",
                    "associatedNodeID": "",
                    "position": [91.66163635253906, 33.36835861206055, 59.61708450317383],
                    "orientation": [-1.0, -0.0, -0.0, -0.0, -1.0, -0.0, 0.0, 0.0, 1.0],
                    "selected": true,
                    "locked": false,
                    "visibility": true,
                    "positionStatus": "defined"
                },
                {
                    "id": "36",
                    "label": "alv",
                    "description": "alveolon",
                    "associatedNodeID": "",
                    "position": [88.9696273803711, 48.53856658935547, 73.2204360961914],
                    "orientation": [-1.0, -0.0, -0.0, -0.0, -1.0, -0.0, 0.0, 0.0, 1.0],
                    "selected": true,
                    "locked": false,
                    "visibility": true,
                    "positionStatus": "defined"
                },
                {
                    "id": "37",
                    "label": "ba",
                    "description": "basion",
                    "associatedNodeID": "",
                    "position": [88.07582092285156, 41.03272247314453, 101.32868957519533],
                    "orientation": [-1.0, -0.0, -0.0, -0.0, -1.0, -0.0, 0.0, 0.0, 1.0],
                    "selected": true,
                    "locked": false,
                    "visibility": true,
                    "positionStatus": "defined"
                },
                {
                    "id": "38",
                    "label": "o",
                    "description": "opisthion",
                    "associatedNodeID": "",
                    "position": [88.97200012207031, 29.755754470825195, 142.4074249267578],
                    "orientation": [-1.0, -0.0, -0.0, -0.0, -1.0, -0.0, 0.0, 0.0, 1.0],
                    "selected": true,
                    "locked": false,
                    "visibility": true,
                    "positionStatus": "defined"
                },
                {
                    "id": "39",
                    "label": "R.if",
                    "description": "Right infraorbital foramen",
                    "associatedNodeID": "",
                    "position": [114.3479995727539, 50.90142059326172, 29.981700897216797],
                    "orientation": [-1.0, -0.0, -0.0, -0.0, -1.0, -0.0, 0.0, 0.0, 1.0],
                    "selected": true,
                    "locked": false,
                    "visibility": true,
                    "positionStatus": "defined"
                },
                {
                    "id": "40",
                    "label": "L.if",
                    "description": "Left infraorbital foramen",
                    "associatedNodeID": "",
                    "position": [72.44801330566406, 56.375999450683594, 30.106000900268555],
                    "orientation": [-1.0, -0.0, -0.0, -0.0, -1.0, -0.0, 0.0, 0.0, 1.0],
                    "selected": true,
                    "locked": false,
                    "visibility": true,
                    "positionStatus": "defined"
                },
                {
                    "id": "41",
                    "label": "R.po",
                    "description": "Right porion",
                    "associatedNodeID": "",
                    "position": [140.9074249267578, 61.15864944458008, 107.51051330566406],
                    "orientation": [-1.0, -0.0, -0.0, -0.0, -1.0, -0.0, 0.0, 0.0, 1.0],
                    "selected": true,
                    "locked": false,
                    "visibility": true,
                    "positionStatus": "defined"
                },
                {
                    "id": "42",
                    "label": "sg",
                    "description": "sagittal suture",
                    "associatedNodeID": "",
                    "position": [77.97156524658203, 150.7245635986328, 155.05987548828125],
                    "orientation": [-1.0, -0.0, -0.0, -0.0, -1.0, -0.0, 0.0, 0.0, 1.0],
                    "selected": true,
                    "locked": false,
                    "visibility": true,
                    "positionStatus": "defined"
                },
                {
                    "id": "43",
                    "label": "ap",
                    "description": "apex",
                    "associatedNodeID": "",
                    "position": [75.85677337646484, 161.8640899658203, 116.46698760986328],
                    "orientation": [-1.0, -0.0, -0.0, -0.0, -1.0, -0.0, 0.0, 0.0, 1.0],
                    "selected": true,
                    "locked": false,
                    "visibility": true,
                    "positionStatus": "defined"
                },
                {
                    "id": "44",
                    "label": "v",
                    "description": "verte",
                    "associatedNodeID": "",
                    "position": [75.75318908691406, 160.18540954589844, 133.79244995117188],
                    "orientation": [-1.0, -0.0, -0.0, -0.0, -1.0, -0.0, 0.0, 0.0, 1.0],
                    "selected": true,
                    "locked": false,
                    "visibility": true,
                    "positionStatus": "defined"
                },
                {
                    "id": "45",
                    "label": "R.d",
                    "description": "Right dacryon",
                    "associatedNodeID": "",
                    "position": [98.09575653076172, 89.1496353149414, 31.550769805908203],
                    "orientation": [-1.0, -0.0, -0.0, -0.0, -1.0, -0.0, 0.0, 0.0, 1.0],
                    "selected": true,
                    "locked": false,
                    "visibility": true,
                    "positionStatus": "defined"
                },
                {
                    "id": "46",
                    "label": "R.mf",
                    "description": "Right maxillofrontale",
                    "associatedNodeID": "",
                    "position": [93.23358154296876, 85.44938659667969, 26.826631546020508],
                    "orientation": [-1.0, -0.0, -0.0, -0.0, -1.0, -0.0, 0.0, 0.0, 1.0],
                    "selected": true,
                    "locked": false,
                    "visibility": true,
                    "positionStatus": "defined"
                },
                {
                    "id": "47",
                    "label": "L.mf",
                    "description": "Left maxillofrontale",
                    "associatedNodeID": "",
                    "position": [76.26480102539063, 84.28038787841797, 27.30565071105957],
                    "orientation": [-1.0, -0.0, -0.0, -0.0, -1.0, -0.0, 0.0, 0.0, 1.0],
                    "selected": true,
                    "locked": false,
                    "visibility": true,
                    "positionStatus": "defined"
                },
                {
                    "id": "48",
                    "label": "L.d",
                    "description": "Left dacryon",
                    "associatedNodeID": "",
                    "position": [72.74308013916016, 84.94647979736328, 31.052581787109375],
                    "orientation": [-1.0, -0.0, -0.0, -0.0, -1.0, -0.0, 0.0, 0.0, 1.0],
                    "selected": true,
                    "locked": false,
                    "visibility": true,
                    "positionStatus": "defined"
                },
                {
                    "id": "49",
                    "label": "R.ec",
                    "description": "Right ectoconchion",
                    "associatedNodeID": "",
                    "position": [133.3350830078125, 90.37889862060548, 39.57517623901367],
                    "orientation": [-1.0, -0.0, -0.0, -0.0, -1.0, -0.0, 0.0, 0.0, 1.0],
                    "selected": true,
                    "locked": false,
                    "visibility": true,
                    "positionStatus": "defined"
                },
                {
                    "id": "50",
                    "label": "L.ec",
                    "description": "Left ectoconchion",
                    "associatedNodeID": "",
                    "position": [38.56028747558594, 80.29351043701172, 35.85403823852539],
                    "orientation": [-1.0, -0.0, -0.0, -0.0, -1.0, -0.0, 0.0, 0.0, 1.0],
                    "selected": true,
                    "locked": false,
                    "visibility": true,
                    "positionStatus": "defined"
                },
                {
                    "id": "51",
                    "label": "R.sty",
                    "description": "Right styloid process of temporal bone",
                    "associatedNodeID": "",
                    "position": [127.26908111572266, 42.63322830200195, 104.27552795410156],
                    "orientation": [-1.0, -0.0, -0.0, -0.0, -1.0, -0.0, 0.0, 0.0, 1.0],
                    "selected": true,
                    "locked": false,
                    "visibility": true,
                    "positionStatus": "defined"
                },
                {
                    "id": "52",
                    "label": "L.sty",
                    "description": "Left styloid process of temporal bone",
                    "associatedNodeID": "",
                    "position": [52.97629165649414, 30.766090393066406, 100.93907165527344],
                    "orientation": [-1.0, -0.0, -0.0, -0.0, -1.0, -0.0, 0.0, 0.0, 1.0],
                    "selected": true,
                    "locked": false,
                    "visibility": true,
                    "positionStatus": "defined"
                },
                {
                    "id": "53",
                    "label": "R.md",
                    "description": "Right mandibular fossa",
                    "associatedNodeID": "",
                    "position": [135.77151489257813, 60.259498596191406, 93.80361938476564],
                    "orientation": [-1.0, -0.0, -0.0, -0.0, -1.0, -0.0, 0.0, 0.0, 1.0],
                    "selected": true,
                    "locked": false,
                    "visibility": true,
                    "positionStatus": "defined"
                },
                {
                    "id": "54",
                    "label": "L.md",
                    "description": "Left mandibular fossa",
                    "associatedNodeID": "",
                    "position": [41.715579986572266, 50.95427322387695, 95.09007263183594],
                    "orientation": [-1.0, -0.0, -0.0, -0.0, -1.0, -0.0, 0.0, 0.0, 1.0],
                    "selected": true,
                    "locked": false,
                    "visibility": true,
                    "positionStatus": "defined"
                },
                {
                    "id": "55",
                    "label": "L.eop",
                    "description": "Left external occipital protuberance ",
                    "associatedNodeID": "",
                    "position": [70.2083511352539, 33.709007263183594, 155.90415954589844],
                    "orientation": [-1.0, -0.0, -0.0, -0.0, -1.0, -0.0, 0.0, 0.0, 1.0],
                    "selected": true,
                    "locked": false,
                    "visibility": true,
                    "positionStatus": "defined"
                },
                {
                    "id": "56",
                    "label": "R.eop",
                    "description": "Right external occipital protuberance ",
                    "associatedNodeID": "",
                    "position": [108.22918701171875, 38.64019012451172, 156.96714782714844],
                    "orientation": [-1.0, -0.0, -0.0, -0.0, -1.0, -0.0, 0.0, 0.0, 1.0],
                    "selected": true,
                    "locked": false,
                    "visibility": true,
                    "positionStatus": "defined"
                },
                {
                    "id": "57",
                    "label": "L.oc",
                    "description": "Left occipital condyle",
                    "associatedNodeID": "",
                    "position": [77.82186889648438, 31.682689666748047, 107.4561004638672],
                    "orientation": [-1.0, -0.0, -0.0, -0.0, -1.0, -0.0, 0.0, 0.0, 1.0],
                    "selected": true,
                    "locked": false,
                    "visibility": true,
                    "positionStatus": "defined"
                },
                {
                    "id": "58",
                    "label": "R. oc",
                    "description": "Right occipital condyle",
                    "associatedNodeID": "",
                    "position": [100.36367797851564, 35.25448989868164, 105.59751892089844],
                    "orientation": [-1.0, -0.0, -0.0, -0.0, -1.0, -0.0, 0.0, 0.0, 1.0],
                    "selected": true,
                    "locked": false,
                    "visibility": true,
                    "positionStatus": "defined"
                },
                {
                    "id": "59",
                    "label": "R.zm",
                    "description": "Right zygomaxillare",
                    "associatedNodeID": "",
                    "position": [133.62771606445313, 44.901611328125, 34.8380241394043],
                    "orientation": [-1.0, -0.0, -0.0, -0.0, -1.0, -0.0, 0.0, 0.0, 1.0],
                    "selected": true,
                    "locked": false,
                    "visibility": true,
                    "positionStatus": "defined"
                },
                {
                    "id": "60",
                    "label": "L.zm",
                    "description": "Left zygomaxillare",
                    "associatedNodeID": "",
                    "position": [42.14909744262695, 35.466278076171875, 36.98099899291992],
                    "orientation": [-1.0, -0.0, -0.0, -0.0, -1.0, -0.0, 0.0, 0.0, 1.0],
                    "selected": true,
                    "locked": false,
                    "visibility": true,
                    "positionStatus": "defined"
                },
                {
                    "id": "61",
                    "label": "L.mt",
                    "description": "Left marginal tubercle",
                    "associatedNodeID": "",
                    "position": [31.840774536132813, 72.4839859008789, 45.58442306518555],
                    "orientation": [-1.0, -0.0, -0.0, -0.0, -1.0, -0.0, 0.0, 0.0, 1.0],
                    "selected": true,
                    "locked": false,
                    "visibility": true,
                    "positionStatus": "defined"
                },
                {
                    "id": "62",
                    "label": "R.mt",
                    "description": "Right marginal tubercle",
                    "associatedNodeID": "",
                    "position": [138.09022521972656, 82.7532730102539, 46.206939697265625],
                    "orientation": [-1.0, -0.0, -0.0, -0.0, -1.0, -0.0, 0.0, 0.0, 1.0],
                    "selected": true,
                    "locked": false,
                    "visibility": true,
                    "positionStatus": "defined"
                },
                {
                    "id": "63",
                    "label": "rhi",
                    "description": "rhinion",
                    "associatedNodeID": "",
                    "position": [87.12208557128906, 65.9541244506836, 7.89892053604126],
                    "orientation": [-1.0, -0.0, -0.0, -0.0, -1.0, -0.0, 0.0, 0.0, 1.0],
                    "selected": true,
                    "locked": false,
                    "visibility": true,
                    "positionStatus": "defined"
                },
                {
                    "id": "64",
                    "label": "R.mso",
                    "description": "Right mid-supraorbital",
                    "associatedNodeID": "",
                    "position": [109.75021362304688, 98.99752044677734, 30.0024356842041],
                    "orientation": [-1.0, -0.0, -0.0, -0.0, -1.0, -0.0, 0.0, 0.0, 1.0],
                    "selected": true,
                    "locked": false,
                    "visibility": true,
                    "positionStatus": "defined"
                },
                {
                    "id": "65",
                    "label": "L.mso",
                    "description": "Left mid-supraorbital",
                    "associatedNodeID": "",
                    "position": [63.80430603027344, 94.34498596191406, 29.013269424438477],
                    "orientation": [-1.0, -0.0, -0.0, -0.0, -1.0, -0.0, 0.0, 0.0, 1.0],
                    "selected": true,
                    "locked": false,
                    "visibility": true,
                    "positionStatus": "defined"
                },
                {
                    "id": "66",
                    "label": "R.zo",
                    "description": "Right zygoorbitale",
                    "associatedNodeID": "",
                    "position": [114.29092407226564, 61.59754943847656, 27.524486541748047],
                    "orientation": [-1.0, -0.0, -0.0, -0.0, -1.0, -0.0, 0.0, 0.0, 1.0],
                    "selected": true,
                    "locked": false,
                    "visibility": true,
                    "positionStatus": "defined"
                },
                {
                    "id": "67",
                    "label": "L.zo",
                    "description": "Left zygoorbitale",
                    "associatedNodeID": "",
                    "position": [65.10072326660156, 58.200557708740234, 27.28839874267578],
                    "orientation": [-1.0, -0.0, -0.0, -0.0, -1.0, -0.0, 0.0, 0.0, 1.0],
                    "selected": true,
                    "locked": false,
                    "visibility": true,
                    "positionStatus": "defined"
                },
                {
                    "id": "68",
                    "label": "L.ast",
                    "description": "Left asterion ",
                    "associatedNodeID": "",
                    "position": [33.19553756713867, 58.309173583984375, 152.9083709716797],
                    "orientation": [-1.0, -0.0, -0.0, -0.0, -1.0, -0.0, 0.0, 0.0, 1.0],
                    "selected": true,
                    "locked": false,
                    "visibility": true,
                    "positionStatus": "defined"
                },
                {
                    "id": "69",
                    "label": "L.co",
                    "description": "Left coronale",
                    "associatedNodeID": "",
                    "position": [27.948760986328125, 111.00457000732422, 63.30439758300781],
                    "orientation": [-1.0, -0.0, -0.0, -0.0, -1.0, -0.0, 0.0, 0.0, 1.0],
                    "selected": true,
                    "locked": false,
                    "visibility": true,
                    "positionStatus": "defined"
                },
                {
                    "id": "70",
                    "label": "R.ast",
                    "description": "Right asterion ",
                    "associatedNodeID": "",
                    "position": [119.19801330566406, 65.07599639892578, 164.3560028076172],
                    "orientation": [-1.0, -0.0, -0.0, -0.0, -1.0, -0.0, 0.0, 0.0, 1.0],
                    "selected": true,
                    "locked": false,
                    "visibility": true,
                    "positionStatus": "defined"
                },
                {
                    "id": "71",
                    "label": "R.co",
                    "description": "Left coronale",
                    "associatedNodeID": "",
                    "position": [136.0649871826172, 127.71344757080078, 72.12106323242188],
                    "orientation": [-1.0, -0.0, -0.0, -0.0, -1.0, -0.0, 0.0, 0.0, 1.0],
                    "selected": true,
                    "locked": false,
                    "visibility": true,
                    "positionStatus": "defined"
                }
            ],
            "measurements": [],
            "display": {
                "visibility": false,
                "opacity": 1.0,
                "color": [0.4, 1.0, 1.0],
                "selectedColor": [1.0, 0.5000076295109483, 0.5000076295109483],
                "activeColor": [0.4, 1.0, 0.0],
                "propertiesLabelVisibility": false,
                "pointLabelsVisibility": true,
                "textScale": 3.0,
                "glyphType": "Sphere3D",
                "glyphScale": 3.0,
                "glyphSize": 5.0,
                "useGlyphScale": true,
                "sliceProjection": false,
                "sliceProjectionUseFiducialColor": true,
                "sliceProjectionOutlinedBehindSlicePlane": false,
                "sliceProjectionColor": [1.0, 1.0, 1.0],
                "sliceProjectionOpacity": 0.6,
                "lineThickness": 0.2,
                "lineColorFadingStart": 1.0,
                "lineColorFadingEnd": 10.0,
                "lineColorFadingSaturation": 1.0,
                "lineColorFadingHueOffset": 0.0,
                "handlesInteractive": false,
                "translationHandleVisibility": true,
                "rotationHandleVisibility": true,
                "scaleHandleVisibility": true,
                "interactionHandleScale": 3.0,
                "snapMode": "toVisibleSurface"
            }
        }
    ]
}