{
    "@schema": "https://raw.githubusercontent.com/slicer/slicer/master/Modules/Loadable/Markups/Resources/Schema/markups-schema-v1.0.3.json#",
    "markups": [
        {
            "type": "Fiducial",
            "coordinateSystem": "LPS",
            "coordinateUnits": "mm",
            "locked": false,
            "fixedNumberOfControlPoints": true,
            "labelFormat": "%N-%d",
            "lastUsedControlPointNumber": 71,
            "controlPoints": [
                {
                    "id": "1",
                    "label": "n",
                    "description": "nasion",
                    "associatedNodeID": "",
                    "position": [103.7634506225586, 98.57221221923828, 17.138505935668945],
                    "orientation": [-1.0, -0.0, -0.0, -0.0, -1.0, -0.0, 0.0, 0.0, 1.0],
                    "selected": true,
                    "locked": false,
                    "visibility": true,
                    "positionStatus": "defined"
                },
                {
                    "id": "2",
                    "label": "g",
                    "description": "glabella",
                    "associatedNodeID": "",
                    "position": [102.3292236328125, 120.9976577758789, 18.796615600585938],
                    "orientation": [-1.0, -0.0, -0.0, -0.0, -1.0, -0.0, 0.0, 0.0, 1.0],
                    "selected": true,
                    "locked": false,
                    "visibility": true,
                    "positionStatus": "defined"
                },
                {
                    "id": "3",
                    "label": "L.ft",
                    "description": "Left frountotemporale",
                    "associatedNodeID": "",
                    "position": [53.4583854675293, 110.05626678466795, 42.87944412231445],
                    "orientation": [-1.0, -0.0, -0.0, -0.0, -1.0, -0.0, 0.0, 0.0, 1.0],
                    "selected": true,
                    "locked": false,
                    "visibility": true,
                    "positionStatus": "defined"
                },
                {
                    "id": "4",
                    "label": "L.ms",
                    "description": "Left mastoidale",
                    "associatedNodeID": "",
                    "position": [53.120506286621094, 30.05493927001953, 104.84191131591795],
                    "orientation": [-1.0, -0.0, -0.0, -0.0, -1.0, -0.0, 0.0, 0.0, 1.0],
                    "selected": true,
                    "locked": false,
                    "visibility": true,
                    "positionStatus": "defined"
                },
                {
                    "id": "5",
                    "label": "L.po",
                    "description": "Left porion",
                    "associatedNodeID": "",
                    "position": [49.2319221496582, 55.439998626708984, 98.22368621826172],
                    "orientation": [-1.0, -0.0, -0.0, -0.0, -1.0, -0.0, 0.0, 0.0, 1.0],
                    "selected": true,
                    "locked": false,
                    "visibility": true,
                    "positionStatus": "defined"
                },
                {
                    "id": "6",
                    "label": "i",
                    "description": "inion",
                    "associatedNodeID": "",
                    "position": [105.56590270996094, 38.14677047729492, 159.95223999023438],
                    "orientation": [-1.0, -0.0, -0.0, -0.0, -1.0, -0.0, 0.0, 0.0, 1.0],
                    "selected": true,
                    "locked": false,
                    "visibility": true,
                    "positionStatus": "defined"
                },
                {
                    "id": "7",
                    "label": "op",
                    "description": "opisthocranion",
                    "associatedNodeID": "",
                    "position": [103.8746566772461, 51.76877975463867, 173.70094299316406],
                    "orientation": [-1.0, -0.0, -0.0, -0.0, -1.0, -0.0, 0.0, 0.0, 1.0],
                    "selected": true,
                    "locked": false,
                    "visibility": true,
                    "positionStatus": "defined"
                },
                {
                    "id": "8",
                    "label": "l",
                    "description": "lamdba",
                    "associatedNodeID": "",
                    "position": [100.96756744384766, 111.43848419189452, 179.50892639160156],
                    "orientation": [-1.0, -0.0, -0.0, -0.0, -1.0, -0.0, 0.0, 0.0, 1.0],
                    "selected": true,
                    "locked": false,
                    "visibility": true,
                    "positionStatus": "defined"
                },
                {
                    "id": "9",
                    "label": "b",
                    "description": "bregma",
                    "associatedNodeID": "",
                    "position": [102.0820770263672, 171.4674530029297, 100.9501953125],
                    "orientation": [-1.0, -0.0, -0.0, -0.0, -1.0, -0.0, 0.0, 0.0, 1.0],
                    "selected": true,
                    "locked": false,
                    "visibility": true,
                    "positionStatus": "defined"
                },
                {
                    "id": "10",
                    "label": "L.or",
                    "description": "Left orbitale",
                    "associatedNodeID": "",
                    "position": [66.90943908691406, 65.48991394042969, 31.161479949951172],
                    "orientation": [-1.0, -0.0, -0.0, -0.0, -1.0, -0.0, 0.0, 0.0, 1.0],
                    "selected": true,
                    "locked": false,
                    "visibility": true,
                    "positionStatus": "defined"
                },
                {
                    "id": "11",
                    "label": "ns",
                    "description": "nasospinale",
                    "associatedNodeID": "",
                    "position": [106.72010040283205, 52.48093032836914, 19.59795570373535],
                    "orientation": [-1.0, -0.0, -0.0, -0.0, -1.0, -0.0, 0.0, 0.0, 1.0],
                    "selected": true,
                    "locked": false,
                    "visibility": true,
                    "positionStatus": "defined"
                },
                {
                    "id": "12",
                    "label": "R.or",
                    "description": "Right orbitale",
                    "associatedNodeID": "",
                    "position": [144.81813049316406, 69.87879180908203, 30.640277862548828],
                    "orientation": [-1.0, -0.0, -0.0, -0.0, -1.0, -0.0, 0.0, 0.0, 1.0],
                    "selected": true,
                    "locked": false,
                    "visibility": true,
                    "positionStatus": "defined"
                },
                {
                    "id": "13",
                    "label": "R.ft",
                    "description": "Right frountotemporale",
                    "associatedNodeID": "",
                    "position": [151.1758270263672, 114.78944396972656, 41.05450439453125],
                    "orientation": [-1.0, -0.0, -0.0, -0.0, -1.0, -0.0, 0.0, 0.0, 1.0],
                    "selected": true,
                    "locked": false,
                    "visibility": true,
                    "positionStatus": "defined"
                },
                {
                    "id": "14",
                    "label": "R.eu",
                    "description": "Right euryon",
                    "associatedNodeID": "",
                    "position": [168.033935546875, 136.8941192626953, 131.82577514648438],
                    "orientation": [-1.0, -0.0, -0.0, -0.0, -1.0, -0.0, 0.0, 0.0, 1.0],
                    "selected": true,
                    "locked": false,
                    "visibility": true,
                    "positionStatus": "defined"
                },
                {
                    "id": "15",
                    "label": "R.zy",
                    "description": "Right zygion",
                    "associatedNodeID": "",
                    "position": [163.72520446777344, 66.60355377197266, 51.151329040527344],
                    "orientation": [-1.0, -0.0, -0.0, -0.0, -1.0, -0.0, 0.0, 0.0, 1.0],
                    "selected": true,
                    "locked": false,
                    "visibility": true,
                    "positionStatus": "defined"
                },
                {
                    "id": "16",
                    "label": "L.zy",
                    "description": "Left zygion",
                    "associatedNodeID": "",
                    "position": [41.29454803466797, 59.253753662109375, 66.89002990722656],
                    "orientation": [-1.0, -0.0, -0.0, -0.0, -1.0, -0.0, 0.0, 0.0, 1.0],
                    "selected": true,
                    "locked": false,
                    "visibility": true,
                    "positionStatus": "defined"
                },
                {
                    "id": "17",
                    "label": "R.ms",
                    "description": "Right mastoidale",
                    "associatedNodeID": "",
                    "position": [154.23094177246094, 39.08042907714844, 101.15827178955078],
                    "orientation": [-1.0, -0.0, -0.0, -0.0, -1.0, -0.0, 0.0, 0.0, 1.0],
                    "selected": true,
                    "locked": false,
                    "visibility": true,
                    "positionStatus": "defined"
                },
                {
                    "id": "18",
                    "label": "pr",
                    "description": "prosthion",
                    "associatedNodeID": "",
                    "position": [108.65234375, 39.20018005371094, 11.871219635009766],
                    "orientation": [-1.0, -0.0, -0.0, -0.0, -1.0, -0.0, 0.0, 0.0, 1.0],
                    "selected": true,
                    "locked": false,
                    "visibility": true,
                    "positionStatus": "defined"
                },
                {
                    "id": "19",
                    "label": "R.ecm",
                    "description": "Right ectomolare",
                    "associatedNodeID": "",
                    "position": [130.73960876464844, 39.25184631347656, 40.981075286865234],
                    "orientation": [-1.0, -0.0, -0.0, -0.0, -1.0, -0.0, 0.0, 0.0, 1.0],
                    "selected": true,
                    "locked": false,
                    "visibility": true,
                    "positionStatus": "defined"
                },
                {
                    "id": "20",
                    "label": "L.ecm",
                    "description": "Left ectomolare",
                    "associatedNodeID": "",
                    "position": [80.7779312133789, 32.06349563598633, 44.5700798034668],
                    "orientation": [-1.0, -0.0, -0.0, -0.0, -1.0, -0.0, 0.0, 0.0, 1.0],
                    "selected": true,
                    "locked": false,
                    "visibility": true,
                    "positionStatus": "defined"
                },
                {
                    "id": "21",
                    "label": "L.al",
                    "description": "Left alare",
                    "associatedNodeID": "",
                    "position": [93.4169692993164, 57.66200256347656, 17.42072296142578],
                    "orientation": [-1.0, -0.0, -0.0, -0.0, -1.0, -0.0, 0.0, 0.0, 1.0],
                    "selected": true,
                    "locked": false,
                    "visibility": true,
                    "positionStatus": "defined"
                },
                {
                    "id": "22",
                    "label": "R.al",
                    "description": "Right alare",
                    "associatedNodeID": "",
                    "position": [119.81062316894533, 59.90106964111328, 18.037870407104492],
                    "orientation": [-1.0, -0.0, -0.0, -0.0, -1.0, -0.0, 0.0, 0.0, 1.0],
                    "selected": true,
                    "locked": false,
                    "visibility": true,
                    "positionStatus": "defined"
                },
                {
                    "id": "23",
                    "label": "L.eu",
                    "description": "Left euryon ",
                    "associatedNodeID": "",
                    "position": [39.872074127197266, 139.0790252685547, 134.8400421142578],
                    "orientation": [-1.0, -0.0, -0.0, -0.0, -1.0, -0.0, 0.0, 0.0, 1.0],
                    "selected": true,
                    "locked": false,
                    "visibility": true,
                    "positionStatus": "defined"
                },
                {
                    "id": "24",
                    "label": "R.pt",
                    "description": "Right pterion",
                    "associatedNodeID": "",
                    "position": [159.95718383789065, 113.24388885498048, 64.5645751953125],
                    "orientation": [-1.0, -0.0, -0.0, -0.0, -1.0, -0.0, 0.0, 0.0, 1.0],
                    "selected": true,
                    "locked": false,
                    "visibility": true,
                    "positionStatus": "defined"
                },
                {
                    "id": "25",
                    "label": "R.sq",
                    "description": "Right squamous",
                    "associatedNodeID": "",
                    "position": [175.0759735107422, 113.68223571777344, 103.72750091552734],
                    "orientation": [-1.0, -0.0, -0.0, -0.0, -1.0, -0.0, 0.0, 0.0, 1.0],
                    "selected": true,
                    "locked": false,
                    "visibility": true,
                    "positionStatus": "defined"
                },
                {
                    "id": "26",
                    "label": "R.ls",
                    "description": "Right lambdoid suture",
                    "associatedNodeID": "",
                    "position": [142.06121826171875, 81.55030059814453, 168.27090454101565],
                    "orientation": [-1.0, -0.0, -0.0, -0.0, -1.0, -0.0, 0.0, 0.0, 1.0],
                    "selected": true,
                    "locked": false,
                    "visibility": true,
                    "positionStatus": "defined"
                },
                {
                    "id": "27",
                    "label": "R.cs",
                    "description": "Right coronal suture",
                    "associatedNodeID": "",
                    "position": [144.3499755859375, 160.43563842773438, 84.82460021972656],
                    "orientation": [-1.0, -0.0, -0.0, -0.0, -1.0, -0.0, 0.0, 0.0, 1.0],
                    "selected": true,
                    "locked": false,
                    "visibility": true,
                    "positionStatus": "defined"
                },
                {
                    "id": "28",
                    "label": "L.pt",
                    "description": "Left pterion",
                    "associatedNodeID": "",
                    "position": [43.62494659423828, 109.27404022216795, 63.70674133300781],
                    "orientation": [-1.0, -0.0, -0.0, -0.0, -1.0, -0.0, 0.0, 0.0, 1.0],
                    "selected": true,
                    "locked": false,
                    "visibility": true,
                    "positionStatus": "defined"
                },
                {
                    "id": "29",
                    "label": "L.sq",
                    "description": "Left  squamous suture",
                    "associatedNodeID": "",
                    "position": [28.818357467651367, 101.48238372802734, 102.6358871459961],
                    "orientation": [-1.0, -0.0, -0.0, -0.0, -1.0, -0.0, 0.0, 0.0, 1.0],
                    "selected": true,
                    "locked": false,
                    "visibility": true,
                    "positionStatus": "defined"
                },
                {
                    "id": "30",
                    "label": "L.ls",
                    "description": "Left lambdoid suture",
                    "associatedNodeID": "",
                    "position": [66.57584381103516, 79.56807708740234, 173.00436401367188],
                    "orientation": [-1.0, -0.0, -0.0, -0.0, -1.0, -0.0, 0.0, 0.0, 1.0],
                    "selected": true,
                    "locked": false,
                    "visibility": true,
                    "positionStatus": "defined"
                },
                {
                    "id": "31",
                    "label": "L.cs",
                    "description": "Left coronal suture",
                    "associatedNodeID": "",
                    "position": [61.56753158569336, 158.79583740234375, 86.45547485351563],
                    "orientation": [-1.0, -0.0, -0.0, -0.0, -1.0, -0.0, 0.0, 0.0, 1.0],
                    "selected": true,
                    "locked": false,
                    "visibility": true,
                    "positionStatus": "defined"
                },
                {
                    "id": "32",
                    "label": "ol",
                    "description": "olrale",
                    "associatedNodeID": "",
                    "position": [107.37628936767578, 40.65914535522461, 21.519346237182617],
                    "orientation": [-1.0, -0.0, -0.0, -0.0, -1.0, -0.0, 0.0, 0.0, 1.0],
                    "selected": true,
                    "locked": false,
                    "visibility": true,
                    "positionStatus": "defined"
                },
                {
                    "id": "33",
                    "label": "L.enm",
                    "description": "Left endomolare",
                    "associatedNodeID": "",
                    "position": [90.61241149902344, 33.021270751953125, 46.216766357421875],
                    "orientation": [-1.0, -0.0, -0.0, -0.0, -1.0, -0.0, 0.0, 0.0, 1.0],
                    "selected": true,
                    "locked": false,
                    "visibility": true,
                    "positionStatus": "defined"
                },
                {
                    "id": "34",
                    "label": "R.enm",
                    "description": "Right endomolare",
                    "associatedNodeID": "",
                    "position": [126.3650360107422, 36.58954620361328, 40.77782440185547],
                    "orientation": [-1.0, -0.0, -0.0, -0.0, -1.0, -0.0, 0.0, 0.0, 1.0],
                    "selected": true,
                    "locked": false,
                    "visibility": true,
                    "positionStatus": "defined"
                },
                {
                    "id": "35",
                    "label": "sta",
                    "description": "staphylion",
                    "associatedNodeID": "",
                    "position": [106.78522491455078, 42.10247802734375, 58.642276763916016],
                    "orientation": [-1.0, -0.0, -0.0, -0.0, -1.0, -0.0, 0.0, 0.0, 1.0],
                    "selected": true,
                    "locked": false,
                    "visibility": true,
                    "positionStatus": "defined"
                },
                {
                    "id": "36",
                    "label": "alv",
                    "description": "alveolon",
                    "associatedNodeID": "",
                    "position": [106.5029296875, 57.3474235534668, 73.3392333984375],
                    "orientation": [-1.0, -0.0, -0.0, -0.0, -1.0, -0.0, 0.0, 0.0, 1.0],
                    "selected": true,
                    "locked": false,
                    "visibility": true,
                    "positionStatus": "defined"
                },
                {
                    "id": "37",
                    "label": "ba",
                    "description": "basion",
                    "associatedNodeID": "",
                    "position": [106.84642791748048, 42.93754196166992, 97.2165298461914],
                    "orientation": [-1.0, -0.0, -0.0, -0.0, -1.0, -0.0, 0.0, 0.0, 1.0],
                    "selected": true,
                    "locked": false,
                    "visibility": true,
                    "positionStatus": "defined"
                },
                {
                    "id": "38",
                    "label": "o",
                    "description": "opisthion",
                    "associatedNodeID": "",
                    "position": [106.44367980957033, 31.31017684936523, 136.9550018310547],
                    "orientation": [-1.0, -0.0, -0.0, -0.0, -1.0, -0.0, 0.0, 0.0, 1.0],
                    "selected": true,
                    "locked": false,
                    "visibility": true,
                    "positionStatus": "defined"
                },
                {
                    "id": "39",
                    "label": "R.if",
                    "description": "Right infraorbital foramen",
                    "associatedNodeID": "",
                    "position": [131.85279846191406, 65.8342056274414, 29.400510787963867],
                    "orientation": [-1.0, -0.0, -0.0, -0.0, -1.0, -0.0, 0.0, 0.0, 1.0],
                    "selected": true,
                    "locked": false,
                    "visibility": true,
                    "positionStatus": "defined"
                },
                {
                    "id": "40",
                    "label": "L.if",
                    "description": "Left infraorbital foramen",
                    "associatedNodeID": "",
                    "position": [82.8877944946289, 64.93258666992188, 29.70982551574707],
                    "orientation": [-1.0, -0.0, -0.0, -0.0, -1.0, -0.0, 0.0, 0.0, 1.0],
                    "selected": true,
                    "locked": false,
                    "visibility": true,
                    "positionStatus": "defined"
                },
                {
                    "id": "41",
                    "label": "R.po",
                    "description": "Right porion",
                    "associatedNodeID": "",
                    "position": [162.86341857910156, 64.42452239990234, 100.59767150878906],
                    "orientation": [-1.0, -0.0, -0.0, -0.0, -1.0, -0.0, 0.0, 0.0, 1.0],
                    "selected": true,
                    "locked": false,
                    "visibility": true,
                    "positionStatus": "defined"
                },
                {
                    "id": "42",
                    "label": "sg",
                    "description": "sagittal suture",
                    "associatedNodeID": "",
                    "position": [98.6066665649414, 147.44834899902344, 166.25445556640625],
                    "orientation": [-1.0, -0.0, -0.0, -0.0, -1.0, -0.0, 0.0, 0.0, 1.0],
                    "selected": true,
                    "locked": false,
                    "visibility": true,
                    "positionStatus": "defined"
                },
                {
                    "id": "43",
                    "label": "ap",
                    "description": "apex",
                    "associatedNodeID": "",
                    "position": [101.46165466308594, 170.72337341308594, 114.58627319335938],
                    "orientation": [-1.0, -0.0, -0.0, -0.0, -1.0, -0.0, 0.0, 0.0, 1.0],
                    "selected": true,
                    "locked": false,
                    "visibility": true,
                    "positionStatus": "defined"
                },
                {
                    "id": "44",
                    "label": "v",
                    "description": "verte",
                    "associatedNodeID": "",
                    "position": [100.34342956542967, 164.8988494873047, 142.3119659423828],
                    "orientation": [-1.0, -0.0, -0.0, -0.0, -1.0, -0.0, 0.0, 0.0, 1.0],
                    "selected": true,
                    "locked": false,
                    "visibility": true,
                    "positionStatus": "defined"
                },
                {
                    "id": "45",
                    "label": "R.d",
                    "description": "Right dacryon",
                    "associatedNodeID": "",
                    "position": [116.11638641357422, 90.51921844482422, 33.24706268310547],
                    "orientation": [-1.0, -0.0, -0.0, -0.0, -1.0, -0.0, 0.0, 0.0, 1.0],
                    "selected": true,
                    "locked": false,
                    "visibility": true,
                    "positionStatus": "defined"
                },
                {
                    "id": "46",
                    "label": "R.mf",
                    "description": "Right maxillofrontale",
                    "associatedNodeID": "",
                    "position": [115.15642547607422, 89.86707305908203, 27.87160301208496],
                    "orientation": [-1.0, -0.0, -0.0, -0.0, -1.0, -0.0, 0.0, 0.0, 1.0],
                    "selected": true,
                    "locked": false,
                    "visibility": true,
                    "positionStatus": "defined"
                },
                {
                    "id": "47",
                    "label": "L.mf",
                    "description": "Left maxillofrontale",
                    "associatedNodeID": "",
                    "position": [93.22289276123048, 86.33213806152344, 24.814985275268555],
                    "orientation": [-1.0, -0.0, -0.0, -0.0, -1.0, -0.0, 0.0, 0.0, 1.0],
                    "selected": true,
                    "locked": false,
                    "visibility": true,
                    "positionStatus": "defined"
                },
                {
                    "id": "48",
                    "label": "L.d",
                    "description": "Left dacryon",
                    "associatedNodeID": "",
                    "position": [91.3554458618164, 88.32010650634766, 27.81007957458496],
                    "orientation": [-1.0, -0.0, -0.0, -0.0, -1.0, -0.0, 0.0, 0.0, 1.0],
                    "selected": true,
                    "locked": false,
                    "visibility": true,
                    "positionStatus": "defined"
                },
                {
                    "id": "49",
                    "label": "R.ec",
                    "description": "Right ectoconchion",
                    "associatedNodeID": "",
                    "position": [152.2303924560547, 96.76213836669922, 35.9796142578125],
                    "orientation": [-1.0, -0.0, -0.0, -0.0, -1.0, -0.0, 0.0, 0.0, 1.0],
                    "selected": true,
                    "locked": false,
                    "visibility": true,
                    "positionStatus": "defined"
                },
                {
                    "id": "50",
                    "label": "L.ec",
                    "description": "Left ectoconchion",
                    "associatedNodeID": "",
                    "position": [54.80299758911133, 91.23462677001952, 36.43933868408203],
                    "orientation": [-1.0, -0.0, -0.0, -0.0, -1.0, -0.0, 0.0, 0.0, 1.0],
                    "selected": true,
                    "locked": false,
                    "visibility": true,
                    "positionStatus": "defined"
                },
                {
                    "id": "51",
                    "label": "R.sty",
                    "description": "Right styloid process of temporal bone",
                    "associatedNodeID": "",
                    "position": [136.7648468017578, 52.58577346801758, 88.641357421875],
                    "orientation": [-1.0, -0.0, -0.0, -0.0, -1.0, -0.0, 0.0, 0.0, 1.0],
                    "selected": true,
                    "locked": false,
                    "visibility": true,
                    "positionStatus": "defined"
                },
                {
                    "id": "52",
                    "label": "L.sty",
                    "description": "Left styloid process of temporal bone",
                    "associatedNodeID": "",
                    "position": [67.71194458007813, 43.60479736328125, 94.75543212890624],
                    "orientation": [-1.0, -0.0, -0.0, -0.0, -1.0, -0.0, 0.0, 0.0, 1.0],
                    "selected": true,
                    "locked": false,
                    "visibility": true,
                    "positionStatus": "defined"
                },
                {
                    "id": "53",
                    "label": "R.md",
                    "description": "Right mandibular fossa",
                    "associatedNodeID": "",
                    "position": [150.99847412109375, 67.844482421875, 89.0993423461914],
                    "orientation": [-1.0, -0.0, -0.0, -0.0, -1.0, -0.0, 0.0, 0.0, 1.0],
                    "selected": true,
                    "locked": false,
                    "visibility": true,
                    "positionStatus": "defined"
                },
                {
                    "id": "54",
                    "label": "L.md",
                    "description": "Left mandibular fossa",
                    "associatedNodeID": "",
                    "position": [58.46049499511719, 61.225486755371094, 89.57575225830078],
                    "orientation": [-1.0, -0.0, -0.0, -0.0, -1.0, -0.0, 0.0, 0.0, 1.0],
                    "selected": true,
                    "locked": false,
                    "visibility": true,
                    "positionStatus": "defined"
                },
                {
                    "id": "55",
                    "label": "L.eop",
                    "description": "Left external occipital protuberance ",
                    "associatedNodeID": "",
                    "position": [92.17925262451172, 37.93211364746094, 160.6190948486328],
                    "orientation": [-1.0, -0.0, -0.0, -0.0, -1.0, -0.0, 0.0, 0.0, 1.0],
                    "selected": true,
                    "locked": false,
                    "visibility": true,
                    "positionStatus": "defined"
                },
                {
                    "id": "56",
                    "label": "R.eop",
                    "description": "Right external occipital protuberance ",
                    "associatedNodeID": "",
                    "position": [124.54268646240234, 41.32866287231445, 160.0491485595703],
                    "orientation": [-1.0, -0.0, -0.0, -0.0, -1.0, -0.0, 0.0, 0.0, 1.0],
                    "selected": true,
                    "locked": false,
                    "visibility": true,
                    "positionStatus": "defined"
                },
                {
                    "id": "57",
                    "label": "L.oc",
                    "description": "Left occipital condyle",
                    "associatedNodeID": "",
                    "position": [92.5286636352539, 29.364301681518555, 107.6407699584961],
                    "orientation": [-1.0, -0.0, -0.0, -0.0, -1.0, -0.0, 0.0, 0.0, 1.0],
                    "selected": true,
                    "locked": false,
                    "visibility": true,
                    "positionStatus": "defined"
                },
                {
                    "id": "58",
                    "label": "R. oc",
                    "description": "Right occipital condyle",
                    "associatedNodeID": "",
                    "position": [124.06586456298828, 31.58867645263672, 107.81483459472656],
                    "orientation": [-1.0, -0.0, -0.0, -0.0, -1.0, -0.0, 0.0, 0.0, 1.0],
                    "selected": true,
                    "locked": false,
                    "visibility": true,
                    "positionStatus": "defined"
                },
                {
                    "id": "59",
                    "label": "R.zm",
                    "description": "Right zygomaxillare",
                    "associatedNodeID": "",
                    "position": [151.15872192382813, 56.241729736328125, 36.08708953857422],
                    "orientation": [-1.0, -0.0, -0.0, -0.0, -1.0, -0.0, 0.0, 0.0, 1.0],
                    "selected": true,
                    "locked": false,
                    "visibility": true,
                    "positionStatus": "defined"
                },
                {
                    "id": "60",
                    "label": "L.zm",
                    "description": "Left zygomaxillare",
                    "associatedNodeID": "",
                    "position": [60.179100036621094, 46.21711349487305, 38.95921325683594],
                    "orientation": [-1.0, -0.0, -0.0, -0.0, -1.0, -0.0, 0.0, 0.0, 1.0],
                    "selected": true,
                    "locked": false,
                    "visibility": true,
                    "positionStatus": "defined"
                },
                {
                    "id": "61",
                    "label": "L.mt",
                    "description": "Left marginal tubercle",
                    "associatedNodeID": "",
                    "position": [50.92051696777344, 80.11417388916016, 45.449729919433594],
                    "orientation": [-1.0, -0.0, -0.0, -0.0, -1.0, -0.0, 0.0, 0.0, 1.0],
                    "selected": true,
                    "locked": false,
                    "visibility": true,
                    "positionStatus": "defined"
                },
                {
                    "id": "62",
                    "label": "R.mt",
                    "description": "Right marginal tubercle",
                    "associatedNodeID": "",
                    "position": [157.85862731933594, 86.08831787109375, 45.28788375854492],
                    "orientation": [-1.0, -0.0, -0.0, -0.0, -1.0, -0.0, 0.0, 0.0, 1.0],
                    "selected": true,
                    "locked": false,
                    "visibility": true,
                    "positionStatus": "defined"
                },
                {
                    "id": "63",
                    "label": "rhi",
                    "description": "rhinion",
                    "associatedNodeID": "",
                    "position": [105.31990814208984, 86.75988006591797, 7.212287425994873],
                    "orientation": [-1.0, -0.0, -0.0, -0.0, -1.0, -0.0, 0.0, 0.0, 1.0],
                    "selected": true,
                    "locked": false,
                    "visibility": true,
                    "positionStatus": "defined"
                },
                {
                    "id": "64",
                    "label": "R.mso",
                    "description": "Right mid-supraorbital",
                    "associatedNodeID": "",
                    "position": [126.36626434326172, 106.18122863769533, 20.653480529785156],
                    "orientation": [-1.0, -0.0, -0.0, -0.0, -1.0, -0.0, 0.0, 0.0, 1.0],
                    "selected": true,
                    "locked": false,
                    "visibility": true,
                    "positionStatus": "defined"
                },
                {
                    "id": "65",
                    "label": "L.mso",
                    "description": "Left mid-supraorbital",
                    "associatedNodeID": "",
                    "position": [78.2241439819336, 103.59811401367188, 21.849302291870117],
                    "orientation": [-1.0, -0.0, -0.0, -0.0, -1.0, -0.0, 0.0, 0.0, 1.0],
                    "selected": true,
                    "locked": false,
                    "visibility": true,
                    "positionStatus": "defined"
                },
                {
                    "id": "66",
                    "label": "R.zo",
                    "description": "Right zygoorbitale",
                    "associatedNodeID": "",
                    "position": [131.16453552246094, 71.11597442626953, 26.844423294067383],
                    "orientation": [-1.0, -0.0, -0.0, -0.0, -1.0, -0.0, 0.0, 0.0, 1.0],
                    "selected": true,
                    "locked": false,
                    "visibility": true,
                    "positionStatus": "defined"
                },
                {
                    "id": "67",
                    "label": "L.zo",
                    "description": "Left zygoorbitale",
                    "associatedNodeID": "",
                    "position": [80.98365783691406, 68.50789642333984, 27.300853729248047],
                    "orientation": [-1.0, -0.0, -0.0, -0.0, -1.0, -0.0, 0.0, 0.0, 1.0],
                    "selected": true,
                    "locked": false,
                    "visibility": true,
                    "positionStatus": "defined"
                },
                {
                    "id": "68",
                    "label": "L.ast",
                    "description": "Left asterion ",
                    "associatedNodeID": "",
                    "position": [49.631446838378906, 52.78607940673828, 140.57542419433594],
                    "orientation": [-1.0, -0.0, -0.0, -0.0, -1.0, -0.0, 0.0, 0.0, 1.0],
                    "selected": true,
                    "locked": false,
                    "visibility": true,
                    "positionStatus": "defined"
                },
                {
                    "id": "69",
                    "label": "L.co",
                    "description": "Left coronale",
                    "associatedNodeID": "",
                    "position": [45.64658737182617, 120.21560668945313, 56.46685791015625],
                    "orientation": [-1.0, -0.0, -0.0, -0.0, -1.0, -0.0, 0.0, 0.0, 1.0],
                    "selected": true,
                    "locked": false,
                    "visibility": true,
                    "positionStatus": "defined"
                },
                {
                    "id": "70",
                    "label": "R.ast",
                    "description": "Right asterion ",
                    "associatedNodeID": "",
                    "position": [158.6241455078125, 57.75640106201172, 141.68016052246094],
                    "orientation": [-1.0, -0.0, -0.0, -0.0, -1.0, -0.0, 0.0, 0.0, 1.0],
                    "selected": true,
                    "locked": false,
                    "visibility": true,
                    "positionStatus": "defined"
                },
                {
                    "id": "71",
                    "label": "R.co",
                    "description": "Left coronale",
                    "associatedNodeID": "",
                    "position": [159.29258728027344, 127.82546997070313, 59.242916107177734],
                    "orientation": [-1.0, -0.0, -0.0, -0.0, -1.0, -0.0, 0.0, 0.0, 1.0],
                    "selected": true,
                    "locked": false,
                    "visibility": true,
                    "positionStatus": "defined"
                }
            ],
            "measurements": [],
            "display": {
                "visibility": false,
                "opacity": 1.0,
                "color": [0.4, 1.0, 1.0],
                "selectedColor": [1.0, 0.5000076295109483, 0.5000076295109483],
                "activeColor": [0.4, 1.0, 0.0],
                "propertiesLabelVisibility": false,
                "pointLabelsVisibility": true,
                "textScale": 3.0,
                "glyphType": "Sphere3D",
                "glyphScale": 3.0,
                "glyphSize": 5.0,
                "useGlyphScale": true,
                "sliceProjection": false,
                "sliceProjectionUseFiducialColor": true,
                "sliceProjectionOutlinedBehindSlicePlane": false,
                "sliceProjectionColor": [1.0, 1.0, 1.0],
                "sliceProjectionOpacity": 0.6,
                "lineThickness": 0.2,
                "lineColorFadingStart": 1.0,
                "lineColorFadingEnd": 10.0,
                "lineColorFadingSaturation": 1.0,
                "lineColorFadingHueOffset": 0.0,
                "handlesInteractive": false,
                "translationHandleVisibility": true,
                "rotationHandleVisibility": true,
                "scaleHandleVisibility": true,
                "interactionHandleScale": 3.0,
                "snapMode": "toVisibleSurface"
            }
        }
    ]
}