{
    "@schema": "https://raw.githubusercontent.com/slicer/slicer/master/Modules/Loadable/Markups/Resources/Schema/markups-schema-v1.0.3.json#",
    "markups": [
        {
            "type": "Fiducial",
            "coordinateSystem": "LPS",
            "coordinateUnits": "mm",
            "locked": false,
            "fixedNumberOfControlPoints": true,
            "labelFormat": "%N-%d",
            "lastUsedControlPointNumber": 71,
            "controlPoints": [
                {
                    "id": "1",
                    "label": "n",
                    "description": "nasion",
                    "associatedNodeID": "",
                    "position": [82.87544250488281, 93.96232604980467, 22.517927169799805],
                    "orientation": [-1.0, -0.0, -0.0, -0.0, -1.0, -0.0, 0.0, 0.0, 1.0],
                    "selected": true,
                    "locked": false,
                    "visibility": true,
                    "positionStatus": "defined"
                },
                {
                    "id": "2",
                    "label": "g",
                    "description": "glabella",
                    "associatedNodeID": "",
                    "position": [80.38516998291016, 112.75965881347656, 26.82252311706543],
                    "orientation": [-1.0, -0.0, -0.0, -0.0, -1.0, -0.0, 0.0, 0.0, 1.0],
                    "selected": true,
                    "locked": false,
                    "visibility": true,
                    "positionStatus": "defined"
                },
                {
                    "id": "3",
                    "label": "L.ft",
                    "description": "Left frountotemporale",
                    "associatedNodeID": "",
                    "position": [35.349388122558594, 110.11974334716795, 46.606319427490234],
                    "orientation": [-1.0, -0.0, -0.0, -0.0, -1.0, -0.0, 0.0, 0.0, 1.0],
                    "selected": true,
                    "locked": false,
                    "visibility": true,
                    "positionStatus": "defined"
                },
                {
                    "id": "4",
                    "label": "L.ms",
                    "description": "Left mastoidale",
                    "associatedNodeID": "",
                    "position": [36.272926330566406, 19.572269439697266, 99.55235290527344],
                    "orientation": [-1.0, -0.0, -0.0, -0.0, -1.0, -0.0, 0.0, 0.0, 1.0],
                    "selected": true,
                    "locked": false,
                    "visibility": true,
                    "positionStatus": "defined"
                },
                {
                    "id": "5",
                    "label": "L.po",
                    "description": "Left porion",
                    "associatedNodeID": "",
                    "position": [37.557342529296875, 50.02742385864258, 95.40599060058594],
                    "orientation": [-1.0, -0.0, -0.0, -0.0, -1.0, -0.0, 0.0, 0.0, 1.0],
                    "selected": true,
                    "locked": false,
                    "visibility": true,
                    "positionStatus": "defined"
                },
                {
                    "id": "6",
                    "label": "i",
                    "description": "inion",
                    "associatedNodeID": "",
                    "position": [86.93888854980469, 39.611934661865234, 153.53533935546875],
                    "orientation": [-1.0, -0.0, -0.0, -0.0, -1.0, -0.0, 0.0, 0.0, 1.0],
                    "selected": true,
                    "locked": false,
                    "visibility": true,
                    "positionStatus": "defined"
                },
                {
                    "id": "7",
                    "label": "op",
                    "description": "opisthocranion",
                    "associatedNodeID": "",
                    "position": [87.00881958007813, 50.63786697387695, 166.1388397216797],
                    "orientation": [-1.0, -0.0, -0.0, -0.0, -1.0, -0.0, 0.0, 0.0, 1.0],
                    "selected": true,
                    "locked": false,
                    "visibility": true,
                    "positionStatus": "defined"
                },
                {
                    "id": "8",
                    "label": "l",
                    "description": "lamdba",
                    "associatedNodeID": "",
                    "position": [76.14287567138672, 112.4498062133789, 181.8843688964844],
                    "orientation": [-1.0, -0.0, -0.0, -0.0, -1.0, -0.0, 0.0, 0.0, 1.0],
                    "selected": true,
                    "locked": false,
                    "visibility": true,
                    "positionStatus": "defined"
                },
                {
                    "id": "9",
                    "label": "b",
                    "description": "bregma",
                    "associatedNodeID": "",
                    "position": [72.78473663330078, 165.35018920898438, 99.5352783203125],
                    "orientation": [-1.0, -0.0, -0.0, -0.0, -1.0, -0.0, 0.0, 0.0, 1.0],
                    "selected": true,
                    "locked": false,
                    "visibility": true,
                    "positionStatus": "defined"
                },
                {
                    "id": "10",
                    "label": "L.or",
                    "description": "Left orbitale",
                    "associatedNodeID": "",
                    "position": [44.933834075927734, 64.55896759033203, 29.72364044189453],
                    "orientation": [-1.0, -0.0, -0.0, -0.0, -1.0, -0.0, 0.0, 0.0, 1.0],
                    "selected": true,
                    "locked": false,
                    "visibility": true,
                    "positionStatus": "defined"
                },
                {
                    "id": "11",
                    "label": "ns",
                    "description": "nasospinale",
                    "associatedNodeID": "",
                    "position": [91.58826446533205, 49.706756591796875, 8.333045959472656],
                    "orientation": [-1.0, -0.0, -0.0, -0.0, -1.0, -0.0, 0.0, 0.0, 1.0],
                    "selected": true,
                    "locked": false,
                    "visibility": true,
                    "positionStatus": "defined"
                },
                {
                    "id": "12",
                    "label": "R.or",
                    "description": "Right orbitale",
                    "associatedNodeID": "",
                    "position": [128.6558074951172, 76.70645904541016, 32.829280853271484],
                    "orientation": [-1.0, -0.0, -0.0, -0.0, -1.0, -0.0, 0.0, 0.0, 1.0],
                    "selected": true,
                    "locked": false,
                    "visibility": true,
                    "positionStatus": "defined"
                },
                {
                    "id": "13",
                    "label": "R.ft",
                    "description": "Right frountotemporale",
                    "associatedNodeID": "",
                    "position": [123.0553741455078, 122.59230041503906, 45.97520446777344],
                    "orientation": [-1.0, -0.0, -0.0, -0.0, -1.0, -0.0, 0.0, 0.0, 1.0],
                    "selected": true,
                    "locked": false,
                    "visibility": true,
                    "positionStatus": "defined"
                },
                {
                    "id": "14",
                    "label": "R.eu",
                    "description": "Right euryon",
                    "associatedNodeID": "",
                    "position": [135.17701721191406, 137.8497772216797, 152.1128692626953],
                    "orientation": [-1.0, -0.0, -0.0, -0.0, -1.0, -0.0, 0.0, 0.0, 1.0],
                    "selected": true,
                    "locked": false,
                    "visibility": true,
                    "positionStatus": "defined"
                },
                {
                    "id": "15",
                    "label": "R.zy",
                    "description": "Right zygion",
                    "associatedNodeID": "",
                    "position": [151.20712280273438, 67.9804916381836, 62.78633499145508],
                    "orientation": [-1.0, -0.0, -0.0, -0.0, -1.0, -0.0, 0.0, 0.0, 1.0],
                    "selected": true,
                    "locked": false,
                    "visibility": true,
                    "positionStatus": "defined"
                },
                {
                    "id": "16",
                    "label": "L.zy",
                    "description": "Left zygion",
                    "associatedNodeID": "",
                    "position": [23.08466911315918, 50.68057632446289, 59.349388122558594],
                    "orientation": [-1.0, -0.0, -0.0, -0.0, -1.0, -0.0, 0.0, 0.0, 1.0],
                    "selected": true,
                    "locked": false,
                    "visibility": true,
                    "positionStatus": "defined"
                },
                {
                    "id": "17",
                    "label": "R.ms",
                    "description": "Right mastoidale",
                    "associatedNodeID": "",
                    "position": [147.69677734375, 45.45306015014648, 117.25178527832033],
                    "orientation": [-1.0, -0.0, -0.0, -0.0, -1.0, -0.0, 0.0, 0.0, 1.0],
                    "selected": true,
                    "locked": false,
                    "visibility": true,
                    "positionStatus": "defined"
                },
                {
                    "id": "18",
                    "label": "pr",
                    "description": "prosthion",
                    "associatedNodeID": "",
                    "position": [93.81639862060548, 34.97964859008789, 4.564102649688721],
                    "orientation": [-1.0, -0.0, -0.0, -0.0, -1.0, -0.0, 0.0, 0.0, 1.0],
                    "selected": true,
                    "locked": false,
                    "visibility": true,
                    "positionStatus": "defined"
                },
                {
                    "id": "19",
                    "label": "R.ecm",
                    "description": "Right ectomolare",
                    "associatedNodeID": "",
                    "position": [121.9541244506836, 34.416133880615234, 36.90633392333984],
                    "orientation": [-1.0, -0.0, -0.0, -0.0, -1.0, -0.0, 0.0, 0.0, 1.0],
                    "selected": true,
                    "locked": false,
                    "visibility": true,
                    "positionStatus": "defined"
                },
                {
                    "id": "20",
                    "label": "L.ecm",
                    "description": "Left ectomolare",
                    "associatedNodeID": "",
                    "position": [62.9306526184082, 26.846267700195313, 34.64583969116211],
                    "orientation": [-1.0, -0.0, -0.0, -0.0, -1.0, -0.0, 0.0, 0.0, 1.0],
                    "selected": true,
                    "locked": false,
                    "visibility": true,
                    "positionStatus": "defined"
                },
                {
                    "id": "21",
                    "label": "L.al",
                    "description": "Left alare",
                    "associatedNodeID": "",
                    "position": [77.6111831665039, 51.40707778930664, 16.868688583374023],
                    "orientation": [-1.0, -0.0, -0.0, -0.0, -1.0, -0.0, 0.0, 0.0, 1.0],
                    "selected": true,
                    "locked": false,
                    "visibility": true,
                    "positionStatus": "defined"
                },
                {
                    "id": "22",
                    "label": "R.al",
                    "description": "Right alare",
                    "associatedNodeID": "",
                    "position": [101.42448425292967, 54.13105773925781, 17.465492248535156],
                    "orientation": [-1.0, -0.0, -0.0, -0.0, -1.0, -0.0, 0.0, 0.0, 1.0],
                    "selected": true,
                    "locked": false,
                    "visibility": true,
                    "positionStatus": "defined"
                },
                {
                    "id": "23",
                    "label": "L.eu",
                    "description": "Left euryon ",
                    "associatedNodeID": "",
                    "position": [17.655731201171875, 122.11829376220705, 152.56944274902344],
                    "orientation": [-1.0, -0.0, -0.0, -0.0, -1.0, -0.0, 0.0, 0.0, 1.0],
                    "selected": true,
                    "locked": false,
                    "visibility": true,
                    "positionStatus": "defined"
                },
                {
                    "id": "24",
                    "label": "R.pt",
                    "description": "Right pterion",
                    "associatedNodeID": "",
                    "position": [133.52330017089844, 108.6138687133789, 62.42873764038086],
                    "orientation": [-1.0, -0.0, -0.0, -0.0, -1.0, -0.0, 0.0, 0.0, 1.0],
                    "selected": true,
                    "locked": false,
                    "visibility": true,
                    "positionStatus": "defined"
                },
                {
                    "id": "25",
                    "label": "R.sq",
                    "description": "Right squamous",
                    "associatedNodeID": "",
                    "position": [148.4138946533203, 111.85235595703124, 98.94656372070313],
                    "orientation": [-1.0, -0.0, -0.0, -0.0, -1.0, -0.0, 0.0, 0.0, 1.0],
                    "selected": true,
                    "locked": false,
                    "visibility": true,
                    "positionStatus": "defined"
                },
                {
                    "id": "26",
                    "label": "R.ls",
                    "description": "Right lambdoid suture",
                    "associatedNodeID": "",
                    "position": [111.68719482421876, 93.13795471191406, 178.23875427246094],
                    "orientation": [-1.0, -0.0, -0.0, -0.0, -1.0, -0.0, 0.0, 0.0, 1.0],
                    "selected": true,
                    "locked": false,
                    "visibility": true,
                    "positionStatus": "defined"
                },
                {
                    "id": "27",
                    "label": "R.cs",
                    "description": "Right coronal suture",
                    "associatedNodeID": "",
                    "position": [113.07974243164064, 160.122314453125, 89.14424896240234],
                    "orientation": [-1.0, -0.0, -0.0, -0.0, -1.0, -0.0, 0.0, 0.0, 1.0],
                    "selected": true,
                    "locked": false,
                    "visibility": true,
                    "positionStatus": "defined"
                },
                {
                    "id": "28",
                    "label": "L.pt",
                    "description": "Left pterion",
                    "associatedNodeID": "",
                    "position": [32.49966049194336, 92.95074462890624, 58.50700759887695],
                    "orientation": [-1.0, -0.0, -0.0, -0.0, -1.0, -0.0, 0.0, 0.0, 1.0],
                    "selected": true,
                    "locked": false,
                    "visibility": true,
                    "positionStatus": "defined"
                },
                {
                    "id": "29",
                    "label": "L.sq",
                    "description": "Left  squamous suture",
                    "associatedNodeID": "",
                    "position": [12.225669860839844, 93.74099731445313, 101.77291870117188],
                    "orientation": [-1.0, -0.0, -0.0, -0.0, -1.0, -0.0, 0.0, 0.0, 1.0],
                    "selected": true,
                    "locked": false,
                    "visibility": true,
                    "positionStatus": "defined"
                },
                {
                    "id": "30",
                    "label": "L.ls",
                    "description": "Left lambdoid suture",
                    "associatedNodeID": "",
                    "position": [44.00038528442383, 84.09131622314453, 176.49136352539065],
                    "orientation": [-1.0, -0.0, -0.0, -0.0, -1.0, -0.0, 0.0, 0.0, 1.0],
                    "selected": true,
                    "locked": false,
                    "visibility": true,
                    "positionStatus": "defined"
                },
                {
                    "id": "31",
                    "label": "L.cs",
                    "description": "Left coronal suture",
                    "associatedNodeID": "",
                    "position": [37.65715789794922, 149.45301818847656, 87.70333099365234],
                    "orientation": [-1.0, -0.0, -0.0, -0.0, -1.0, -0.0, 0.0, 0.0, 1.0],
                    "selected": true,
                    "locked": false,
                    "visibility": true,
                    "positionStatus": "defined"
                },
                {
                    "id": "32",
                    "label": "ol",
                    "description": "olrale",
                    "associatedNodeID": "",
                    "position": [93.33297729492188, 33.81685256958008, 9.977967262268066],
                    "orientation": [-1.0, -0.0, -0.0, -0.0, -1.0, -0.0, 0.0, 0.0, 1.0],
                    "selected": true,
                    "locked": false,
                    "visibility": true,
                    "positionStatus": "defined"
                },
                {
                    "id": "33",
                    "label": "L.enm",
                    "description": "Left endomolare",
                    "associatedNodeID": "",
                    "position": [71.7199478149414, 26.58350372314453, 37.213157653808594],
                    "orientation": [-1.0, -0.0, -0.0, -0.0, -1.0, -0.0, 0.0, 0.0, 1.0],
                    "selected": true,
                    "locked": false,
                    "visibility": true,
                    "positionStatus": "defined"
                },
                {
                    "id": "34",
                    "label": "R.enm",
                    "description": "Right endomolare",
                    "associatedNodeID": "",
                    "position": [114.06321716308594, 25.667009353637695, 40.01905822753906],
                    "orientation": [-1.0, -0.0, -0.0, -0.0, -1.0, -0.0, 0.0, 0.0, 1.0],
                    "selected": true,
                    "locked": false,
                    "visibility": true,
                    "positionStatus": "defined"
                },
                {
                    "id": "35",
                    "label": "sta",
                    "description": "staphylion",
                    "associatedNodeID": "",
                    "position": [90.27312469482422, 41.81626892089844, 56.721458435058594],
                    "orientation": [-1.0, -0.0, -0.0, -0.0, -1.0, -0.0, 0.0, 0.0, 1.0],
                    "selected": true,
                    "locked": false,
                    "visibility": true,
                    "positionStatus": "defined"
                },
                {
                    "id": "36",
                    "label": "alv",
                    "description": "alveolon",
                    "associatedNodeID": "",
                    "position": [87.6289291381836, 53.03993225097656, 69.69048309326172],
                    "orientation": [-1.0, -0.0, -0.0, -0.0, -1.0, -0.0, 0.0, 0.0, 1.0],
                    "selected": true,
                    "locked": false,
                    "visibility": true,
                    "positionStatus": "defined"
                },
                {
                    "id": "37",
                    "label": "ba",
                    "description": "basion",
                    "associatedNodeID": "",
                    "position": [88.71243286132813, 38.36166000366211, 95.56903839111328],
                    "orientation": [-1.0, -0.0, -0.0, -0.0, -1.0, -0.0, 0.0, 0.0, 1.0],
                    "selected": true,
                    "locked": false,
                    "visibility": true,
                    "positionStatus": "defined"
                },
                {
                    "id": "38",
                    "label": "o",
                    "description": "opisthion",
                    "associatedNodeID": "",
                    "position": [88.66400146484375, 30.832000732421875, 130.1420135498047],
                    "orientation": [-1.0, -0.0, -0.0, -0.0, -1.0, -0.0, 0.0, 0.0, 1.0],
                    "selected": true,
                    "locked": false,
                    "visibility": true,
                    "positionStatus": "defined"
                },
                {
                    "id": "39",
                    "label": "R.if",
                    "description": "Right infraorbital foramen",
                    "associatedNodeID": "",
                    "position": [111.84716796875, 63.7418098449707, 26.019872665405273],
                    "orientation": [-1.0, -0.0, -0.0, -0.0, -1.0, -0.0, 0.0, 0.0, 1.0],
                    "selected": true,
                    "locked": false,
                    "visibility": true,
                    "positionStatus": "defined"
                },
                {
                    "id": "40",
                    "label": "L.if",
                    "description": "Left infraorbital foramen",
                    "associatedNodeID": "",
                    "position": [62.65308380126953, 57.672508239746094, 25.576671600341797],
                    "orientation": [-1.0, -0.0, -0.0, -0.0, -1.0, -0.0, 0.0, 0.0, 1.0],
                    "selected": true,
                    "locked": false,
                    "visibility": true,
                    "positionStatus": "defined"
                },
                {
                    "id": "41",
                    "label": "R.po",
                    "description": "Right porion",
                    "associatedNodeID": "",
                    "position": [131.4945526123047, 62.755123138427734, 98.68655395507813],
                    "orientation": [-1.0, -0.0, -0.0, -0.0, -1.0, -0.0, 0.0, 0.0, 1.0],
                    "selected": true,
                    "locked": false,
                    "visibility": true,
                    "positionStatus": "defined"
                },
                {
                    "id": "42",
                    "label": "sg",
                    "description": "sagittal suture",
                    "associatedNodeID": "",
                    "position": [74.43624114990234, 148.0190887451172, 162.71571350097656],
                    "orientation": [-1.0, -0.0, -0.0, -0.0, -1.0, -0.0, 0.0, 0.0, 1.0],
                    "selected": true,
                    "locked": false,
                    "visibility": true,
                    "positionStatus": "defined"
                },
                {
                    "id": "43",
                    "label": "ap",
                    "description": "apex",
                    "associatedNodeID": "",
                    "position": [72.71148681640625, 166.5353240966797, 118.2792510986328],
                    "orientation": [-1.0, -0.0, -0.0, -0.0, -1.0, -0.0, 0.0, 0.0, 1.0],
                    "selected": true,
                    "locked": false,
                    "visibility": true,
                    "positionStatus": "defined"
                },
                {
                    "id": "44",
                    "label": "v",
                    "description": "verte",
                    "associatedNodeID": "",
                    "position": [73.12661743164063, 161.51222229003906, 141.4013671875],
                    "orientation": [-1.0, -0.0, -0.0, -0.0, -1.0, -0.0, 0.0, 0.0, 1.0],
                    "selected": true,
                    "locked": false,
                    "visibility": true,
                    "positionStatus": "defined"
                },
                {
                    "id": "45",
                    "label": "R.d",
                    "description": "Right dacryon",
                    "associatedNodeID": "",
                    "position": [93.14539337158205, 90.827880859375, 34.190032958984375],
                    "orientation": [-1.0, -0.0, -0.0, -0.0, -1.0, -0.0, 0.0, 0.0, 1.0],
                    "selected": true,
                    "locked": false,
                    "visibility": true,
                    "positionStatus": "defined"
                },
                {
                    "id": "46",
                    "label": "R.mf",
                    "description": "Right maxillofrontale",
                    "associatedNodeID": "",
                    "position": [91.67745971679688, 87.79499053955078, 28.513107299804688],
                    "orientation": [-1.0, -0.0, -0.0, -0.0, -1.0, -0.0, 0.0, 0.0, 1.0],
                    "selected": true,
                    "locked": false,
                    "visibility": true,
                    "positionStatus": "defined"
                },
                {
                    "id": "47",
                    "label": "L.mf",
                    "description": "Left maxillofrontale",
                    "associatedNodeID": "",
                    "position": [75.2265853881836, 85.19072723388672, 28.74407196044922],
                    "orientation": [-1.0, -0.0, -0.0, -0.0, -1.0, -0.0, 0.0, 0.0, 1.0],
                    "selected": true,
                    "locked": false,
                    "visibility": true,
                    "positionStatus": "defined"
                },
                {
                    "id": "48",
                    "label": "L.d",
                    "description": "Left dacryon",
                    "associatedNodeID": "",
                    "position": [72.66524505615234, 88.69024658203125, 34.83660888671875],
                    "orientation": [-1.0, -0.0, -0.0, -0.0, -1.0, -0.0, 0.0, 0.0, 1.0],
                    "selected": true,
                    "locked": false,
                    "visibility": true,
                    "positionStatus": "defined"
                },
                {
                    "id": "49",
                    "label": "R.ec",
                    "description": "Right ectoconchion",
                    "associatedNodeID": "",
                    "position": [131.4368438720703, 94.7738265991211, 36.87234115600586],
                    "orientation": [-1.0, -0.0, -0.0, -0.0, -1.0, -0.0, 0.0, 0.0, 1.0],
                    "selected": true,
                    "locked": false,
                    "visibility": true,
                    "positionStatus": "defined"
                },
                {
                    "id": "50",
                    "label": "L.ec",
                    "description": "Left ectoconchion",
                    "associatedNodeID": "",
                    "position": [35.06616973876953, 84.23284912109375, 35.565528869628906],
                    "orientation": [-1.0, -0.0, -0.0, -0.0, -1.0, -0.0, 0.0, 0.0, 1.0],
                    "selected": true,
                    "locked": false,
                    "visibility": true,
                    "positionStatus": "defined"
                },
                {
                    "id": "51",
                    "label": "R.sty",
                    "description": "Right styloid process of temporal bone",
                    "associatedNodeID": "",
                    "position": [123.16800689697266, 42.8380012512207, 89.30400085449219],
                    "orientation": [-1.0, -0.0, -0.0, -0.0, -1.0, -0.0, 0.0, 0.0, 1.0],
                    "selected": true,
                    "locked": false,
                    "visibility": true,
                    "positionStatus": "defined"
                },
                {
                    "id": "52",
                    "label": "L.sty",
                    "description": "Left styloid process of temporal bone",
                    "associatedNodeID": "",
                    "position": [55.78799819946289, 31.54599952697754, 85.67400360107422],
                    "orientation": [-1.0, -0.0, -0.0, -0.0, -1.0, -0.0, 0.0, 0.0, 1.0],
                    "selected": true,
                    "locked": false,
                    "visibility": true,
                    "positionStatus": "defined"
                },
                {
                    "id": "53",
                    "label": "R.md",
                    "description": "Right mandibular fossa",
                    "associatedNodeID": "",
                    "position": [133.361328125, 66.46289825439453, 87.19829559326172],
                    "orientation": [-1.0, -0.0, -0.0, -0.0, -1.0, -0.0, 0.0, 0.0, 1.0],
                    "selected": true,
                    "locked": false,
                    "visibility": true,
                    "positionStatus": "defined"
                },
                {
                    "id": "54",
                    "label": "L.md",
                    "description": "Left mandibular fossa",
                    "associatedNodeID": "",
                    "position": [41.87187194824219, 53.49576950073242, 85.7769775390625],
                    "orientation": [-1.0, -0.0, -0.0, -0.0, -1.0, -0.0, 0.0, 0.0, 1.0],
                    "selected": true,
                    "locked": false,
                    "visibility": true,
                    "positionStatus": "defined"
                },
                {
                    "id": "55",
                    "label": "L.eop",
                    "description": "Left external occipital protuberance ",
                    "associatedNodeID": "",
                    "position": [69.7547607421875, 36.061546325683594, 152.86595153808594],
                    "orientation": [-1.0, -0.0, -0.0, -0.0, -1.0, -0.0, 0.0, 0.0, 1.0],
                    "selected": true,
                    "locked": false,
                    "visibility": true,
                    "positionStatus": "defined"
                },
                {
                    "id": "56",
                    "label": "R.eop",
                    "description": "Right external occipital protuberance ",
                    "associatedNodeID": "",
                    "position": [111.05413818359376, 42.59610748291016, 151.25106811523438],
                    "orientation": [-1.0, -0.0, -0.0, -0.0, -1.0, -0.0, 0.0, 0.0, 1.0],
                    "selected": true,
                    "locked": false,
                    "visibility": true,
                    "positionStatus": "defined"
                },
                {
                    "id": "57",
                    "label": "L.oc",
                    "description": "Left occipital condyle",
                    "associatedNodeID": "",
                    "position": [75.64457702636719, 27.71934509277344, 102.33830261230467],
                    "orientation": [-1.0, -0.0, -0.0, -0.0, -1.0, -0.0, 0.0, 0.0, 1.0],
                    "selected": true,
                    "locked": false,
                    "visibility": true,
                    "positionStatus": "defined"
                },
                {
                    "id": "58",
                    "label": "R. oc",
                    "description": "Right occipital condyle",
                    "associatedNodeID": "",
                    "position": [105.63697052001952, 32.69317626953125, 102.4706039428711],
                    "orientation": [-1.0, -0.0, -0.0, -0.0, -1.0, -0.0, 0.0, 0.0, 1.0],
                    "selected": true,
                    "locked": false,
                    "visibility": true,
                    "positionStatus": "defined"
                },
                {
                    "id": "59",
                    "label": "R.zm",
                    "description": "Right zygomaxillare",
                    "associatedNodeID": "",
                    "position": [134.53172302246094, 54.57583236694336, 33.07684326171875],
                    "orientation": [-1.0, -0.0, -0.0, -0.0, -1.0, -0.0, 0.0, 0.0, 1.0],
                    "selected": true,
                    "locked": false,
                    "visibility": true,
                    "positionStatus": "defined"
                },
                {
                    "id": "60",
                    "label": "L.zm",
                    "description": "Left zygomaxillare",
                    "associatedNodeID": "",
                    "position": [41.37300109863281, 41.71452331542969, 31.803672790527344],
                    "orientation": [-1.0, -0.0, -0.0, -0.0, -1.0, -0.0, 0.0, 0.0, 1.0],
                    "selected": true,
                    "locked": false,
                    "visibility": true,
                    "positionStatus": "defined"
                },
                {
                    "id": "61",
                    "label": "L.mt",
                    "description": "Left marginal tubercle",
                    "associatedNodeID": "",
                    "position": [31.01995086669922, 75.99832916259766, 43.17018127441406],
                    "orientation": [-1.0, -0.0, -0.0, -0.0, -1.0, -0.0, 0.0, 0.0, 1.0],
                    "selected": true,
                    "locked": false,
                    "visibility": true,
                    "positionStatus": "defined"
                },
                {
                    "id": "62",
                    "label": "R.mt",
                    "description": "Right marginal tubercle",
                    "associatedNodeID": "",
                    "position": [137.6500701904297, 87.87863159179688, 44.017433166503906],
                    "orientation": [-1.0, -0.0, -0.0, -0.0, -1.0, -0.0, 0.0, 0.0, 1.0],
                    "selected": true,
                    "locked": false,
                    "visibility": true,
                    "positionStatus": "defined"
                },
                {
                    "id": "63",
                    "label": "rhi",
                    "description": "rhinion",
                    "associatedNodeID": "",
                    "position": [83.23204040527344, 86.57276153564453, 17.013526916503906],
                    "orientation": [-1.0, -0.0, -0.0, -0.0, -1.0, -0.0, 0.0, 0.0, 1.0],
                    "selected": true,
                    "locked": false,
                    "visibility": true,
                    "positionStatus": "defined"
                },
                {
                    "id": "64",
                    "label": "R.mso",
                    "description": "Right mid-supraorbital",
                    "associatedNodeID": "",
                    "position": [102.70735931396484, 105.7334213256836, 28.234420776367188],
                    "orientation": [-1.0, -0.0, -0.0, -0.0, -1.0, -0.0, 0.0, 0.0, 1.0],
                    "selected": true,
                    "locked": false,
                    "visibility": true,
                    "positionStatus": "defined"
                },
                {
                    "id": "65",
                    "label": "L.mso",
                    "description": "Left mid-supraorbital",
                    "associatedNodeID": "",
                    "position": [64.28374481201172, 101.2744369506836, 26.934799194335938],
                    "orientation": [-1.0, -0.0, -0.0, -0.0, -1.0, -0.0, 0.0, 0.0, 1.0],
                    "selected": true,
                    "locked": false,
                    "visibility": true,
                    "positionStatus": "defined"
                },
                {
                    "id": "66",
                    "label": "R.zo",
                    "description": "Right zygoorbitale",
                    "associatedNodeID": "",
                    "position": [118.2082977294922, 71.96998596191406, 26.339988708496097],
                    "orientation": [-1.0, -0.0, -0.0, -0.0, -1.0, -0.0, 0.0, 0.0, 1.0],
                    "selected": true,
                    "locked": false,
                    "visibility": true,
                    "positionStatus": "defined"
                },
                {
                    "id": "67",
                    "label": "L.zo",
                    "description": "Left zygoorbitale",
                    "associatedNodeID": "",
                    "position": [53.90553283691406, 64.1226577758789, 25.36764907836914],
                    "orientation": [-1.0, -0.0, -0.0, -0.0, -1.0, -0.0, 0.0, 0.0, 1.0],
                    "selected": true,
                    "locked": false,
                    "visibility": true,
                    "positionStatus": "defined"
                },
                {
                    "id": "68",
                    "label": "L.ast",
                    "description": "Left asterion ",
                    "associatedNodeID": "",
                    "position": [26.16602325439453, 51.30839538574219, 141.09771728515625],
                    "orientation": [-1.0, -0.0, -0.0, -0.0, -1.0, -0.0, 0.0, 0.0, 1.0],
                    "selected": true,
                    "locked": false,
                    "visibility": true,
                    "positionStatus": "defined"
                },
                {
                    "id": "69",
                    "label": "L.co",
                    "description": "Left coronale",
                    "associatedNodeID": "",
                    "position": [26.890954971313477, 122.81749725341795, 68.77852630615234],
                    "orientation": [-1.0, -0.0, -0.0, -0.0, -1.0, -0.0, 0.0, 0.0, 1.0],
                    "selected": true,
                    "locked": false,
                    "visibility": true,
                    "positionStatus": "defined"
                },
                {
                    "id": "70",
                    "label": "R.ast",
                    "description": "Right asterion ",
                    "associatedNodeID": "",
                    "position": [137.37608337402344, 72.96600341796875, 150.9185028076172],
                    "orientation": [-1.0, -0.0, -0.0, -0.0, -1.0, -0.0, 0.0, 0.0, 1.0],
                    "selected": true,
                    "locked": false,
                    "visibility": true,
                    "positionStatus": "defined"
                },
                {
                    "id": "71",
                    "label": "R.co",
                    "description": "Left coronale",
                    "associatedNodeID": "",
                    "position": [126.5341796875, 136.65785217285156, 62.3690185546875],
                    "orientation": [-1.0, -0.0, -0.0, -0.0, -1.0, -0.0, 0.0, 0.0, 1.0],
                    "selected": true,
                    "locked": false,
                    "visibility": true,
                    "positionStatus": "defined"
                }
            ],
            "measurements": [],
            "display": {
                "visibility": false,
                "opacity": 1.0,
                "color": [0.4, 1.0, 1.0],
                "selectedColor": [1.0, 0.5000076295109483, 0.5000076295109483],
                "activeColor": [0.4, 1.0, 0.0],
                "propertiesLabelVisibility": false,
                "pointLabelsVisibility": true,
                "textScale": 3.0,
                "glyphType": "Sphere3D",
                "glyphScale": 3.0,
                "glyphSize": 5.0,
                "useGlyphScale": true,
                "sliceProjection": false,
                "sliceProjectionUseFiducialColor": true,
                "sliceProjectionOutlinedBehindSlicePlane": false,
                "sliceProjectionColor": [1.0, 1.0, 1.0],
                "sliceProjectionOpacity": 0.6,
                "lineThickness": 0.2,
                "lineColorFadingStart": 1.0,
                "lineColorFadingEnd": 10.0,
                "lineColorFadingSaturation": 1.0,
                "lineColorFadingHueOffset": 0.0,
                "handlesInteractive": false,
                "translationHandleVisibility": true,
                "rotationHandleVisibility": true,
                "scaleHandleVisibility": true,
                "interactionHandleScale": 3.0,
                "snapMode": "toVisibleSurface"
            }
        }
    ]
}